-3.15344,55.8616,1.5,-nan,-nan,0
-3.15344,55.8617,1.5,-nan,-nan,0
-3.15344,55.8618,1.5,-nan,-nan,0
-3.15344,55.8619,1.5,1.8002e-10,1,0
-3.15344,55.862,1.5,1.85385e-07,1,0
-3.15344,55.8621,1.5,4.73866e-08,1,0
-3.15344,55.8622,1.5,1.15858e-08,1,0
-3.15344,55.8623,1.5,2.97779e-09,1,0
-3.15334,55.8624,1.5,1.8122e-07,1,0
-3.15334,55.8617,1.5,1.91611e-07,1,0
-3.15334,55.8618,1.5,3.50999e-11,1,0
-3.15334,55.8619,1.5,1.15695e-11,1,0
-3.15334,55.862,1.5,2.94528e-09,1,0
-3.15334,55.8621,1.5,0.418977,-0.907997,0
-3.15334,55.8622,1.5,0.267935,-0.963437,0
-3.15334,55.8623,1.5,4.68695e-08,1,0
-3.15324,55.8624,1.5,1.15858e-08,1,0
-3.15324,55.8617,1.5,7.19031e-13,1,0
-3.15324,55.8618,1.5,2.87772e-09,1,0
-3.15324,55.8619,1.5,2.93268e-06,1,0
-3.15324,55.862,1.5,2.87772e-09,1,0
-3.15324,55.8621,1.5,0.23794,-0.97128,0
-3.15324,55.8622,1.5,3.51019e-11,1,0
-3.15324,55.8623,1.5,4.42471e-11,1,0
-3.15314,55.8624,1.5,1.85385e-07,1,0
-3.15314,55.8617,1.5,4.70319e-11,1,0
-3.15314,55.8618,1.5,4.73866e-08,1,0
-3.15314,55.8619,1.5,1.52267e-34,1,0
-3.15314,55.862,1.5,4.73866e-08,1,0
-3.15314,55.8621,1.5,0.314075,-0.949398,0
-3.15314,55.8622,1.5,0.203713,-0.979031,0
-3.15314,55.8623,1.5,7.19077e-13,1,0
-3.15304,55.8624,1.5,2.87772e-09,1,0
-3.15304,55.8617,1.5,-nan,-nan,0
-3.15304,55.8618,1.5,1.15858e-08,1,0
-3.15304,55.8619,1.5,1.15695e-11,1,0
-3.15304,55.862,1.5,1.8408e-10,1,0
-3.15304,55.8621,1.5,4.73866e-08,1,0
-3.15304,55.8622,1.5,0.345031,-0.938591,0
-3.15304,55.8623,1.5,1.85385e-07,1,0
-3.15294,55.8624,1.5,1.15858e-08,1,0
-3.15294,55.8617,1.5,4.68695e-08,1,0
-3.15294,55.8618,1.5,1.80028e-10,1,0
-3.15294,55.8619,1.5,1.85385e-07,1,0
-3.15294,55.862,1.5,7.15155e-13,1,0
-3.15294,55.8621,1.5,3.51039e-11,1,0
-3.15294,55.8622,1.5,4.58282e-08,1,0
-3.15294,55.8623,1.5,1.8408e-10,1,0
-3.15284,55.8624,1.5,4.68695e-08,1,0
-3.15284,55.8617,1.5,-nan,-nan,0
-3.15284,55.8618,1.5,-nan,-nan,0
-3.15284,55.8619,1.5,-nan,-nan,0
-3.15284,55.862,1.5,-nan,-nan,0
-3.15284,55.8621,1.5,-nan,-nan,0
-3.15284,55.8622,1.5,-nan,-nan,0
-3.15284,55.8623,1.5,-nan,-nan,0
-3.15274,55.8624,1.5,-nan,-nan,0
-3.15274,55.8617,1.5,-nan,-nan,0
-3.15274,55.8618,1.5,-nan,-nan,0
-3.15274,55.8619,1.5,-nan,-nan,0
-3.15274,55.862,1.5,-nan,-nan,0
-3.15274,55.8621,1.5,-nan,-nan,0
-3.15274,55.8622,1.5,-nan,-nan,0
-3.15274,55.8623,1.5,-nan,-nan,0
-3.15264,55.8624,1.5,-nan,-nan,0
-3.15264,55.8617,1.5,-nan,-nan,0
-3.15264,55.8618,1.5,-nan,-nan,0
-3.15264,55.8619,1.5,-nan,-nan,0
-3.15264,55.862,1.5,-nan,-nan,0
-3.15264,55.8621,1.5,-nan,-nan,0
-3.15264,55.8622,1.5,-nan,-nan,0
-3.15264,55.8623,1.5,-nan,-nan,0
-3.15254,55.8624,1.5,-nan,-nan,0
-3.15254,55.8617,1.5,-nan,-nan,0
-3.15254,55.8618,1.5,-nan,-nan,0
-3.15254,55.8619,1.5,-nan,-nan,0
-3.15254,55.862,1.5,-nan,-nan,0
-3.15254,55.8621,1.5,-nan,-nan,0
-3.15254,55.8622,1.5,-nan,-nan,0
-3.15254,55.8623,1.5,-nan,-nan,0
-3.15244,55.8624,1.5,-nan,-nan,0
-3.15244,55.8617,1.5,-nan,-nan,0
-3.15244,55.8618,1.5,-nan,-nan,0
-3.15244,55.8619,1.5,-nan,-nan,0
-3.15244,55.862,1.5,-nan,-nan,0
-3.15244,55.8621,1.5,-nan,-nan,0
-3.15244,55.8622,1.5,-nan,-nan,0
-3.15244,55.8623,1.5,-nan,-nan,0
-3.15234,55.8624,1.5,-nan,-nan,0
-3.15234,55.8617,1.5,-nan,-nan,0
-3.15234,55.8618,1.5,-nan,-nan,0
-3.15234,55.8619,1.5,-nan,-nan,0
-3.15234,55.862,1.5,-nan,-nan,0
-3.15234,55.8621,1.5,-nan,-nan,0
-3.15234,55.8622,1.5,-nan,-nan,0
-3.15234,55.8623,1.5,-nan,-nan,0
-3.15224,55.8624,1.5,-nan,-nan,0
-3.15224,55.8617,1.5,-nan,-nan,0
-3.15224,55.8618,1.5,-nan,-nan,0
-3.15224,55.8619,1.5,-nan,-nan,0
-3.15224,55.862,1.5,-nan,-nan,0
-3.15224,55.8621,1.5,-nan,-nan,0
-3.15224,55.8622,1.5,-nan,-nan,0
-3.15224,55.8623,1.5,-nan,-nan,0
-3.15214,55.8624,1.5,-nan,-nan,0
-3.15214,55.8617,1.5,-nan,-nan,0
-3.15214,55.8618,1.5,-nan,-nan,0
-3.15214,55.8619,1.5,-nan,-nan,0
-3.15214,55.862,1.5,-nan,-nan,0
-3.15214,55.8621,1.5,-nan,-nan,0
-3.15214,55.8622,1.5,-nan,-nan,0
-3.15214,55.8623,1.5,-nan,-nan,0
-3.15204,55.8624,1.5,-nan,-nan,0
-3.15204,55.8617,1.5,-nan,-nan,0
-3.15204,55.8618,1.5,-nan,-nan,0
-3.15204,55.8619,1.5,-nan,-nan,0
-3.15204,55.862,1.5,-nan,-nan,0
-3.15204,55.8621,1.5,-nan,-nan,0
-3.15204,55.8622,1.5,-nan,-nan,0
-3.15204,55.8623,1.5,-nan,-nan,0
-3.15194,55.8624,1.5,-nan,-nan,0
-3.15194,55.8617,1.5,-nan,-nan,0
-3.15194,55.8618,1.5,-nan,-nan,0
-3.15194,55.8619,1.5,-nan,-nan,0
-3.15194,55.862,1.5,-nan,-nan,0
-3.15194,55.8621,1.5,-nan,-nan,0
-3.15194,55.8622,1.5,-nan,-nan,0
-3.15194,55.8623,1.5,-nan,-nan,0
-3.15184,55.8624,1.5,-nan,-nan,0
-3.15184,55.8617,1.5,-nan,-nan,0
-3.15184,55.8618,1.5,-nan,-nan,0
-3.15184,55.8619,1.5,-nan,-nan,0
-3.15184,55.862,1.5,-nan,-nan,0
-3.15184,55.8621,1.5,-nan,-nan,0
-3.15184,55.8622,1.5,-nan,-nan,0
-3.15184,55.8623,1.5,-nan,-nan,0
-3.15174,55.8624,1.5,-nan,-nan,0
-3.15174,55.8617,1.5,-nan,-nan,0
-3.15174,55.8618,1.5,-nan,-nan,0
-3.15174,55.8619,1.5,-nan,-nan,0
-3.15174,55.862,1.5,-nan,-nan,0
-3.15174,55.8621,1.5,-nan,-nan,0
-3.15174,55.8622,1.5,-nan,-nan,0
-3.15174,55.8623,1.5,-nan,-nan,0
-3.15164,55.8624,1.5,-nan,-nan,0
-3.15164,55.8617,1.5,-nan,-nan,0
-3.15164,55.8618,1.5,-nan,-nan,0
-3.15164,55.8619,1.5,-nan,-nan,0
-3.15164,55.862,1.5,-nan,-nan,0
-3.15164,55.8621,1.5,-nan,-nan,0
-3.15164,55.8622,1.5,-nan,-nan,0
-3.15164,55.8623,1.5,-nan,-nan,0
-3.15154,55.8624,1.5,-nan,-nan,0
-3.15154,55.8617,1.5,-nan,-nan,0
-3.15154,55.8618,1.5,-nan,-nan,0
-3.15154,55.8619,1.5,-nan,-nan,0
-3.15154,55.862,1.5,-nan,-nan,0
-3.15154,55.8621,1.5,-nan,-nan,0
-3.15154,55.8622,1.5,-nan,-nan,0
-3.15154,55.8623,1.5,-nan,-nan,0
-3.15144,55.8624,4.5,-nan,-nan,0
-3.15144,55.8617,4.5,-nan,-nan,0
-3.15144,55.8618,4.5,-nan,-nan,0
-3.15144,55.8619,4.5,-nan,-nan,0
-3.15144,55.862,4.5,-nan,-nan,0
-3.15144,55.8621,4.5,-nan,-nan,0
-3.15144,55.8622,4.5,-nan,-nan,0
-3.15144,55.8623,4.5,-nan,-nan,0
-3.15334,55.8624,4.5,-nan,-nan,0
-3.15334,55.8617,4.5,-nan,-nan,0
-3.15334,55.8618,4.5,-nan,-nan,0
-3.15334,55.8619,4.5,-nan,-nan,0
-3.15334,55.862,4.5,0.420878,-0.907117,0
-3.15334,55.8621,4.5,0.297125,-0.954839,0
-3.15334,55.8622,4.5,0.254011,-0.967201,0
-3.15334,55.8623,4.5,-nan,-nan,0
-3.15324,55.8624,4.5,-nan,-nan,0
-3.15324,55.8617,4.5,-nan,-nan,0
-3.15324,55.8618,4.5,-nan,-nan,0
-3.15324,55.8619,4.5,-nan,-nan,0
-3.15324,55.862,4.5,-nan,-nan,0
-3.15324,55.8621,4.5,0.412363,-0.91102,0
-3.15324,55.8622,4.5,-nan,-nan,0
-3.15324,55.8623,4.5,-nan,-nan,0
-3.15314,55.8624,4.5,-nan,-nan,0
-3.15314,55.8617,4.5,-nan,-nan,0
-3.15314,55.8618,4.5,-nan,-nan,0
-3.15314,55.8619,4.5,-nan,-nan,0
-3.15314,55.862,4.5,-nan,-nan,0
-3.15314,55.8621,4.5,-nan,-nan,0
-3.15314,55.8622,4.5,-nan,-nan,0
-3.15314,55.8623,4.5,-nan,-nan,0
-3.15304,55.8624,4.5,-nan,-nan,0
-3.15304,55.8617,4.5,-nan,-nan,0
-3.15304,55.8618,4.5,-nan,-nan,0
-3.15304,55.8619,4.5,-nan,-nan,0
-3.15304,55.862,4.5,-nan,-nan,0
-3.15304,55.8621,4.5,-nan,-nan,0
-3.15304,55.8622,4.5,0.160226,-0.98708,0
-3.15304,55.8623,4.5,-nan,-nan,0
-3.15294,55.8624,4.5,-nan,-nan,0
-3.15294,55.8617,4.5,-nan,-nan,0
-3.15294,55.8618,4.5,-nan,-nan,0
-3.15294,55.8619,4.5,-nan,-nan,0
-3.15294,55.862,4.5,-nan,-nan,0
-3.15294,55.8621,4.5,-nan,-nan,0
-3.15294,55.8622,4.5,0.532158,-0.846645,0
-3.15294,55.8623,4.5,-nan,-nan,0
-3.15284,55.8624,4.5,-nan,-nan,0
-3.15284,55.8617,4.5,-nan,-nan,0
-3.15284,55.8618,4.5,-nan,-nan,0
-3.15284,55.8619,4.5,-nan,-nan,0
-3.15284,55.862,4.5,-nan,-nan,0
-3.15284,55.8621,4.5,-nan,-nan,0
-3.15284,55.8622,4.5,0.789941,-0.613183,0
-3.15284,55.8623,4.5,-nan,-nan,0
-3.15274,55.8624,4.5,-nan,-nan,0
-3.15274,55.8617,4.5,-nan,-nan,0
-3.15274,55.8618,4.5,-nan,-nan,0
-3.15274,55.8619,4.5,-nan,-nan,0
-3.15274,55.862,4.5,-nan,-nan,0
-3.15274,55.8621,4.5,-nan,-nan,0
-3.15274,55.8622,4.5,-nan,-nan,0
-3.15274,55.8623,4.5,-nan,-nan,0
-3.15264,55.8624,4.5,-nan,-nan,0
-3.15264,55.8617,4.5,-nan,-nan,0
-3.15264,55.8618,4.5,-nan,-nan,0
-3.15264,55.8619,4.5,-nan,-nan,0
-3.15264,55.862,4.5,-nan,-nan,0
-3.15264,55.8621,4.5,-nan,-nan,0
-3.15264,55.8622,4.5,-nan,-nan,0
-3.15264,55.8623,4.5,-nan,-nan,0
-3.15254,55.8624,4.5,-nan,-nan,0
-3.15254,55.8617,4.5,-nan,-nan,0
-3.15254,55.8618,4.5,-nan,-nan,0
-3.15254,55.8619,4.5,-nan,-nan,0
-3.15254,55.862,4.5,-nan,-nan,0
-3.15254,55.8621,4.5,-nan,-nan,0
-3.15254,55.8622,4.5,-nan,-nan,0
-3.15254,55.8623,4.5,-nan,-nan,0
-3.15244,55.8624,4.5,-nan,-nan,0
-3.15244,55.8617,4.5,-nan,-nan,0
-3.15244,55.8618,4.5,-nan,-nan,0
-3.15244,55.8619,4.5,-nan,-nan,0
-3.15244,55.862,4.5,-nan,-nan,0
-3.15244,55.8621,4.5,-nan,-nan,0
-3.15244,55.8622,4.5,-nan,-nan,0
-3.15244,55.8623,4.5,-nan,-nan,0
-3.15234,55.8624,4.5,-nan,-nan,0
-3.15234,55.8617,4.5,-nan,-nan,0
-3.15234,55.8618,4.5,-nan,-nan,0
-3.15234,55.8619,4.5,-nan,-nan,0
-3.15234,55.862,4.5,-nan,-nan,0
-3.15234,55.8621,4.5,-nan,-nan,0
-3.15234,55.8622,4.5,-nan,-nan,0
-3.15234,55.8623,4.5,-nan,-nan,0
-3.15224,55.8624,4.5,-nan,-nan,0
-3.15224,55.8617,4.5,-nan,-nan,0
-3.15224,55.8618,4.5,-nan,-nan,0
-3.15224,55.8619,4.5,-nan,-nan,0
-3.15224,55.862,4.5,-nan,-nan,0
-3.15224,55.8621,4.5,-nan,-nan,0
-3.15224,55.8622,4.5,-nan,-nan,0
-3.15224,55.8623,4.5,-nan,-nan,0
-3.15214,55.8624,4.5,-nan,-nan,0
-3.15214,55.8617,4.5,-nan,-nan,0
-3.15214,55.8618,4.5,-nan,-nan,0
-3.15214,55.8619,4.5,-nan,-nan,0
-3.15214,55.862,4.5,-nan,-nan,0
-3.15214,55.8621,4.5,-nan,-nan,0
-3.15214,55.8622,4.5,-nan,-nan,0
-3.15214,55.8623,4.5,-nan,-nan,0
-3.15204,55.8624,4.5,-nan,-nan,0
-3.15204,55.8617,4.5,-nan,-nan,0
-3.15204,55.8618,4.5,-nan,-nan,0
-3.15204,55.8619,4.5,-nan,-nan,0
-3.15204,55.862,4.5,-nan,-nan,0
-3.15204,55.8621,4.5,-nan,-nan,0
-3.15204,55.8622,4.5,-nan,-nan,0
-3.15204,55.8623,4.5,-nan,-nan,0
-3.15194,55.8624,4.5,-nan,-nan,0
-3.15194,55.8617,4.5,-nan,-nan,0
-3.15194,55.8618,4.5,-nan,-nan,0
-3.15194,55.8619,4.5,-nan,-nan,0
-3.15194,55.862,4.5,-nan,-nan,0
-3.15194,55.8621,4.5,-nan,-nan,0
-3.15194,55.8622,4.5,-nan,-nan,0
-3.15194,55.8623,4.5,-nan,-nan,0
-3.15184,55.8624,4.5,-nan,-nan,0
-3.15184,55.8617,4.5,-nan,-nan,0
-3.15184,55.8618,4.5,-nan,-nan,0
-3.15184,55.8619,4.5,-nan,-nan,0
-3.15184,55.862,4.5,-nan,-nan,0
-3.15184,55.8621,4.5,-nan,-nan,0
-3.15184,55.8622,4.5,-nan,-nan,0
-3.15184,55.8623,4.5,-nan,-nan,0
-3.15174,55.8624,4.5,-nan,-nan,0
-3.15174,55.8617,4.5,-nan,-nan,0
-3.15174,55.8618,4.5,-nan,-nan,0
-3.15174,55.8619,4.5,-nan,-nan,0
-3.15174,55.862,4.5,-nan,-nan,0
-3.15174,55.8621,4.5,-nan,-nan,0
-3.15174,55.8622,4.5,-nan,-nan,0
-3.15174,55.8623,4.5,-nan,-nan,0
-3.15164,55.8624,4.5,-nan,-nan,0
-3.15164,55.8617,4.5,-nan,-nan,0
-3.15164,55.8618,4.5,-nan,-nan,0
-3.15164,55.8619,4.5,-nan,-nan,0
-3.15164,55.862,4.5,-nan,-nan,0
-3.15164,55.8621,4.5,-nan,-nan,0
-3.15164,55.8622,4.5,-nan,-nan,0
-3.15164,55.8623,4.5,-nan,-nan,0
-3.15154,55.8624,4.5,-nan,-nan,0
-3.15154,55.8617,4.5,-nan,-nan,0
-3.15154,55.8618,4.5,-nan,-nan,0
-3.15154,55.8619,4.5,-nan,-nan,0
-3.15154,55.862,4.5,-nan,-nan,0
-3.15154,55.8621,4.5,-nan,-nan,0
-3.15154,55.8622,4.5,-nan,-nan,0
-3.15154,55.8623,4.5,-nan,-nan,0
-3.15144,55.8624,7.5,-nan,-nan,0
-3.15144,55.8617,7.5,-nan,-nan,0
-3.15144,55.8618,7.5,-nan,-nan,0
-3.15144,55.8619,7.5,-nan,-nan,0
-3.15144,55.862,7.5,-nan,-nan,0
-3.15144,55.8621,7.5,-nan,-nan,0
-3.15144,55.8622,7.5,-nan,-nan,0
-3.15144,55.8623,7.5,-nan,-nan,0
-3.15334,55.8624,7.5,-nan,-nan,0
-3.15334,55.8617,7.5,-nan,-nan,0
-3.15334,55.8618,7.5,-nan,-nan,0
-3.15334,55.8619,7.5,-nan,-nan,0
-3.15334,55.862,7.5,0.420878,-0.907117,0
-3.15334,55.8621,7.5,0.410938,-0.911663,0
-3.15334,55.8622,7.5,-nan,-nan,0
-3.15334,55.8623,7.5,-nan,-nan,0
-3.15324,55.8624,7.5,-nan,-nan,0
-3.15324,55.8617,7.5,-nan,-nan,0
-3.15324,55.8618,7.5,-nan,-nan,0
-3.15324,55.8619,7.5,-nan,-nan,0
-3.15324,55.862,7.5,-nan,-nan,0
-3.15324,55.8621,7.5,0.352699,-0.935737,0
-3.15324,55.8622,7.5,-nan,-nan,0
-3.15324,55.8623,7.5,-nan,-nan,0
-3.15314,55.8624,7.5,-nan,-nan,0
-3.15314,55.8617,7.5,-nan,-nan,0
-3.15314,55.8618,7.5,-nan,-nan,0
-3.15314,55.8619,7.5,-nan,-nan,0
-3.15314,55.862,7.5,-nan,-nan,0
-3.15314,55.8621,7.5,-nan,-nan,0
-3.15314,55.8622,7.5,-nan,-nan,0
-3.15314,55.8623,7.5,-nan,-nan,0
-3.15304,55.8624,7.5,-nan,-nan,0
-3.15304,55.8617,7.5,-nan,-nan,0
-3.15304,55.8618,7.5,-nan,-nan,0
-3.15304,55.8619,7.5,-nan,-nan,0
-3.15304,55.862,7.5,-nan,-nan,0
-3.15304,55.8621,7.5,-nan,-nan,0
-3.15304,55.8622,7.5,-nan,-nan,0
-3.15304,55.8623,7.5,-nan,-nan,0
-3.15294,55.8624,7.5,-nan,-nan,0
-3.15294,55.8617,7.5,-nan,-nan,0
-3.15294,55.8618,7.5,-nan,-nan,0
-3.15294,55.8619,7.5,-nan,-nan,0
-3.15294,55.862,7.5,-nan,-nan,0
-3.15294,55.8621,7.5,-nan,-nan,0
-3.15294,55.8622,7.5,0.448617,-0.893724,0
-3.15294,55.8623,7.5,-nan,-nan,0
-3.15284,55.8624,7.5,-nan,-nan,0
-3.15284,55.8617,7.5,-nan,-nan,0
-3.15284,55.8618,7.5,-nan,-nan,0
-3.15284,55.8619,7.5,-nan,-nan,0
-3.15284,55.862,7.5,-nan,-nan,0
-3.15284,55.8621,7.5,-nan,-nan,0
-3.15284,55.8622,7.5,0.548585,-0.836095,0
-3.15284,55.8623,7.5,0.459321,-0.88827,0
-3.15274,55.8624,7.5,-nan,-nan,0
-3.15274,55.8617,7.5,-nan,-nan,0
-3.15274,55.8618,7.5,-nan,-nan,0
-3.15274,55.8619,7.5,-nan,-nan,0
-3.15274,55.862,7.5,-nan,-nan,0
-3.15274,55.8621,7.5,-nan,-nan,0
-3.15274,55.8622,7.5,-nan,-nan,0
-3.15274,55.8623,7.5,-nan,-nan,0
-3.15264,55.8624,7.5,-nan,-nan,0
-3.15264,55.8617,7.5,-nan,-nan,0
-3.15264,55.8618,7.5,-nan,-nan,0
-3.15264,55.8619,7.5,-nan,-nan,0
-3.15264,55.862,7.5,-nan,-nan,0
-3.15264,55.8621,7.5,-nan,-nan,0
-3.15264,55.8622,7.5,0.569165,-0.822223,0
-3.15264,55.8623,7.5,-nan,-nan,0
-3.15254,55.8624,7.5,-nan,-nan,0
-3.15254,55.8617,7.5,-nan,-nan,0
-3.15254,55.8618,7.5,-nan,-nan,0
-3.15254,55.8619,7.5,-nan,-nan,0
-3.15254,55.862,7.5,-nan,-nan,0
-3.15254,55.8621,7.5,-nan,-nan,0
-3.15254,55.8622,7.5,0.528809,-0.848741,0
-3.15254,55.8623,7.5,-nan,-nan,0
-3.15244,55.8624,7.5,-nan,-nan,0
-3.15244,55.8617,7.5,-nan,-nan,0
-3.15244,55.8618,7.5,-nan,-nan,0
-3.15244,55.8619,7.5,-nan,-nan,0
-3.15244,55.862,7.5,-nan,-nan,0
-3.15244,55.8621,7.5,-nan,-nan,0
-3.15244,55.8622,7.5,-nan,-nan,0
-3.15244,55.8623,7.5,-nan,-nan,0
-3.15234,55.8624,7.5,-nan,-nan,0
-3.15234,55.8617,7.5,-nan,-nan,0
-3.15234,55.8618,7.5,-nan,-nan,0
-3.15234,55.8619,7.5,-nan,-nan,0
-3.15234,55.862,7.5,-nan,-nan,0
-3.15234,55.8621,7.5,-nan,-nan,0
-3.15234,55.8622,7.5,-nan,-nan,0
-3.15234,55.8623,7.5,-nan,-nan,0
-3.15224,55.8624,7.5,-nan,-nan,0
-3.15224,55.8617,7.5,-nan,-nan,0
-3.15224,55.8618,7.5,-nan,-nan,0
-3.15224,55.8619,7.5,-nan,-nan,0
-3.15224,55.862,7.5,-nan,-nan,0
-3.15224,55.8621,7.5,-nan,-nan,0
-3.15224,55.8622,7.5,-nan,-nan,0
-3.15224,55.8623,7.5,-nan,-nan,0
-3.15214,55.8624,7.5,-nan,-nan,0
-3.15214,55.8617,7.5,-nan,-nan,0
-3.15214,55.8618,7.5,-nan,-nan,0
-3.15214,55.8619,7.5,-nan,-nan,0
-3.15214,55.862,7.5,-nan,-nan,0
-3.15214,55.8621,7.5,-nan,-nan,0
-3.15214,55.8622,7.5,-nan,-nan,0
-3.15214,55.8623,7.5,-nan,-nan,0
-3.15204,55.8624,7.5,-nan,-nan,0
-3.15204,55.8617,7.5,-nan,-nan,0
-3.15204,55.8618,7.5,-nan,-nan,0
-3.15204,55.8619,7.5,-nan,-nan,0
-3.15204,55.862,7.5,-nan,-nan,0
-3.15204,55.8621,7.5,-nan,-nan,0
-3.15204,55.8622,7.5,-nan,-nan,0
-3.15204,55.8623,7.5,-nan,-nan,0
-3.15194,55.8624,7.5,-nan,-nan,0
-3.15194,55.8617,7.5,-nan,-nan,0
-3.15194,55.8618,7.5,-nan,-nan,0
-3.15194,55.8619,7.5,-nan,-nan,0
-3.15194,55.862,7.5,-nan,-nan,0
-3.15194,55.8621,7.5,-nan,-nan,0
-3.15194,55.8622,7.5,-nan,-nan,0
-3.15194,55.8623,7.5,-nan,-nan,0
-3.15184,55.8624,7.5,-nan,-nan,0
-3.15184,55.8617,7.5,-nan,-nan,0
-3.15184,55.8618,7.5,-nan,-nan,0
-3.15184,55.8619,7.5,-nan,-nan,0
-3.15184,55.862,7.5,-nan,-nan,0
-3.15184,55.8621,7.5,-nan,-nan,0
-3.15184,55.8622,7.5,-nan,-nan,0
-3.15184,55.8623,7.5,-nan,-nan,0
-3.15174,55.8624,7.5,-nan,-nan,0
-3.15174,55.8617,7.5,-nan,-nan,0
-3.15174,55.8618,7.5,-nan,-nan,0
-3.15174,55.8619,7.5,-nan,-nan,0
-3.15174,55.862,7.5,-nan,-nan,0
-3.15174,55.8621,7.5,-nan,-nan,0
-3.15174,55.8622,7.5,-nan,-nan,0
-3.15174,55.8623,7.5,-nan,-nan,0
-3.15164,55.8624,7.5,-nan,-nan,0
-3.15164,55.8617,7.5,-nan,-nan,0
-3.15164,55.8618,7.5,-nan,-nan,0
-3.15164,55.8619,7.5,-nan,-nan,0
-3.15164,55.862,7.5,-nan,-nan,0
-3.15164,55.8621,7.5,-nan,-nan,0
-3.15164,55.8622,7.5,-nan,-nan,0
-3.15164,55.8623,7.5,-nan,-nan,0
-3.15154,55.8624,7.5,-nan,-nan,0
-3.15154,55.8617,7.5,-nan,-nan,0
-3.15154,55.8618,7.5,-nan,-nan,0
-3.15154,55.8619,7.5,-nan,-nan,0
-3.15154,55.862,7.5,-nan,-nan,0
-3.15154,55.8621,7.5,-nan,-nan,0
-3.15154,55.8622,7.5,-nan,-nan,0
-3.15154,55.8623,7.5,-nan,-nan,0
-3.15144,55.8624,10.5,-nan,-nan,0
-3.15144,55.8617,10.5,-nan,-nan,0
-3.15144,55.8618,10.5,-nan,-nan,0
-3.15144,55.8619,10.5,-nan,-nan,0
-3.15144,55.862,10.5,-nan,-nan,0
-3.15144,55.8621,10.5,-nan,-nan,0
-3.15144,55.8622,10.5,-nan,-nan,0
-3.15144,55.8623,10.5,-nan,-nan,0
-3.15334,55.8624,10.5,-nan,-nan,0
-3.15334,55.8617,10.5,-nan,-nan,0
-3.15334,55.8618,10.5,-nan,-nan,0
-3.15334,55.8619,10.5,-nan,-nan,0
-3.15334,55.862,10.5,-nan,-nan,0
-3.15334,55.8621,10.5,-nan,-nan,0
-3.15334,55.8622,10.5,-nan,-nan,0
-3.15334,55.8623,10.5,-nan,-nan,0
-3.15324,55.8624,10.5,-nan,-nan,0
-3.15324,55.8617,10.5,-nan,-nan,0
-3.15324,55.8618,10.5,-nan,-nan,0
-3.15324,55.8619,10.5,-nan,-nan,0
-3.15324,55.862,10.5,-nan,-nan,0
-3.15324,55.8621,10.5,-nan,-nan,0
-3.15324,55.8622,10.5,-nan,-nan,0
-3.15324,55.8623,10.5,-nan,-nan,0
-3.15314,55.8624,10.5,-nan,-nan,0
-3.15314,55.8617,10.5,-0.1554,-0.987852,0
-3.15314,55.8618,10.5,-nan,-nan,0
-3.15314,55.8619,10.5,-nan,-nan,0
-3.15314,55.862,10.5,-nan,-nan,0
-3.15314,55.8621,10.5,-nan,-nan,0
-3.15314,55.8622,10.5,-nan,-nan,0
-3.15314,55.8623,10.5,-nan,-nan,0
-3.15304,55.8624,10.5,-nan,-nan,0
-3.15304,55.8617,10.5,-nan,-nan,0
-3.15304,55.8618,10.5,-nan,-nan,0
-3.15304,55.8619,10.5,-nan,-nan,0
-3.15304,55.862,10.5,-nan,-nan,0
-3.15304,55.8621,10.5,-nan,-nan,0
-3.15304,55.8622,10.5,-nan,-nan,0
-3.15304,55.8623,10.5,-nan,-nan,0
-3.15294,55.8624,10.5,-nan,-nan,0
-3.15294,55.8617,10.5,-nan,-nan,0
-3.15294,55.8618,10.5,-nan,-nan,0
-3.15294,55.8619,10.5,-nan,-nan,0
-3.15294,55.862,10.5,-nan,-nan,0
-3.15294,55.8621,10.5,-nan,-nan,0
-3.15294,55.8622,10.5,-nan,-nan,0
-3.15294,55.8623,10.5,-nan,-nan,0
-3.15284,55.8624,10.5,-nan,-nan,0
-3.15284,55.8617,10.5,-nan,-nan,0
-3.15284,55.8618,10.5,-nan,-nan,0
-3.15284,55.8619,10.5,-nan,-nan,0
-3.15284,55.862,10.5,-nan,-nan,0
-3.15284,55.8621,10.5,-nan,-nan,0
-3.15284,55.8622,10.5,-nan,-nan,0
-3.15284,55.8623,10.5,-nan,-nan,0
-3.15274,55.8624,10.5,-nan,-nan,0
-3.15274,55.8617,10.5,-nan,-nan,0
-3.15274,55.8618,10.5,-nan,-nan,0
-3.15274,55.8619,10.5,-nan,-nan,0
-3.15274,55.862,10.5,-nan,-nan,0
-3.15274,55.8621,10.5,-nan,-nan,0
-3.15274,55.8622,10.5,0.521186,-0.853443,0
-3.15274,55.8623,10.5,-nan,-nan,0
-3.15264,55.8624,10.5,-nan,-nan,0
-3.15264,55.8617,10.5,-nan,-nan,0
-3.15264,55.8618,10.5,-nan,-nan,0
-3.15264,55.8619,10.5,-nan,-nan,0
-3.15264,55.862,10.5,-nan,-nan,0
-3.15264,55.8621,10.5,0.370597,-0.928794,0
-3.15264,55.8622,10.5,0.360713,-0.932677,0
-3.15264,55.8623,10.5,0.554409,-0.832244,0
-3.15254,55.8624,10.5,-nan,-nan,0
-3.15254,55.8617,10.5,-nan,-nan,0
-3.15254,55.8618,10.5,-nan,-nan,0
-3.15254,55.8619,10.5,-nan,-nan,0
-3.15254,55.862,10.5,-nan,-nan,0
-3.15254,55.8621,10.5,0.530289,-0.847817,0
-3.15254,55.8622,10.5,0.505657,-0.862734,0
-3.15254,55.8623,10.5,0.290368,-0.956915,0
-3.15244,55.8624,10.5,-nan,-nan,0
-3.15244,55.8617,10.5,-nan,-nan,0
-3.15244,55.8618,10.5,-nan,-nan,0
-3.15244,55.8619,10.5,-nan,-nan,0
-3.15244,55.862,10.5,-nan,-nan,0
-3.15244,55.8621,10.5,-nan,-nan,0
-3.15244,55.8622,10.5,-nan,-nan,0
-3.15244,55.8623,10.5,0.353801,-0.935321,0
-3.15234,55.8624,10.5,-nan,-nan,0
-3.15234,55.8617,10.5,-nan,-nan,0
-3.15234,55.8618,10.5,-nan,-nan,0
-3.15234,55.8619,10.5,-nan,-nan,0
-3.15234,55.862,10.5,-nan,-nan,0
-3.15234,55.8621,10.5,-nan,-nan,0
-3.15234,55.8622,10.5,-nan,-nan,0
-3.15234,55.8623,10.5,0.187839,-0.9822,0
-3.15224,55.8624,10.5,-nan,-nan,0
-3.15224,55.8617,10.5,-nan,-nan,0
-3.15224,55.8618,10.5,-nan,-nan,0
-3.15224,55.8619,10.5,-nan,-nan,0
-3.15224,55.862,10.5,-nan,-nan,0
-3.15224,55.8621,10.5,-nan,-nan,0
-3.15224,55.8622,10.5,-nan,-nan,0
-3.15224,55.8623,10.5,0.337903,-0.941181,0
-3.15214,55.8624,10.5,-nan,-nan,0
-3.15214,55.8617,10.5,-nan,-nan,0
-3.15214,55.8618,10.5,-nan,-nan,0
-3.15214,55.8619,10.5,-nan,-nan,0
-3.15214,55.862,10.5,-nan,-nan,0
-3.15214,55.8621,10.5,-nan,-nan,0
-3.15214,55.8622,10.5,0.122952,-0.992413,0
-3.15214,55.8623,10.5,-nan,-nan,0
-3.15204,55.8624,10.5,-nan,-nan,0
-3.15204,55.8617,10.5,-nan,-nan,0
-3.15204,55.8618,10.5,-nan,-nan,0
-3.15204,55.8619,10.5,-nan,-nan,0
-3.15204,55.862,10.5,-nan,-nan,0
-3.15204,55.8621,10.5,-nan,-nan,0
-3.15204,55.8622,10.5,-nan,-nan,0
-3.15204,55.8623,10.5,-nan,-nan,0
-3.15194,55.8624,10.5,-nan,-nan,0
-3.15194,55.8617,10.5,-nan,-nan,0
-3.15194,55.8618,10.5,-nan,-nan,0
-3.15194,55.8619,10.5,-nan,-nan,0
-3.15194,55.862,10.5,-nan,-nan,0
-3.15194,55.8621,10.5,-nan,-nan,0
-3.15194,55.8622,10.5,-nan,-nan,0
-3.15194,55.8623,10.5,-nan,-nan,0
-3.15184,55.8624,10.5,-nan,-nan,0
-3.15184,55.8617,10.5,-nan,-nan,0
-3.15184,55.8618,10.5,-nan,-nan,0
-3.15184,55.8619,10.5,-nan,-nan,0
-3.15184,55.862,10.5,-nan,-nan,0
-3.15184,55.8621,10.5,-nan,-nan,0
-3.15184,55.8622,10.5,-nan,-nan,0
-3.15184,55.8623,10.5,-nan,-nan,0
-3.15174,55.8624,10.5,-nan,-nan,0
-3.15174,55.8617,10.5,-nan,-nan,0
-3.15174,55.8618,10.5,-nan,-nan,0
-3.15174,55.8619,10.5,-nan,-nan,0
-3.15174,55.862,10.5,-nan,-nan,0
-3.15174,55.8621,10.5,-nan,-nan,0
-3.15174,55.8622,10.5,-nan,-nan,0
-3.15174,55.8623,10.5,-nan,-nan,0
-3.15164,55.8624,10.5,-nan,-nan,0
-3.15164,55.8617,10.5,-nan,-nan,0
-3.15164,55.8618,10.5,-nan,-nan,0
-3.15164,55.8619,10.5,-nan,-nan,0
-3.15164,55.862,10.5,-nan,-nan,0
-3.15164,55.8621,10.5,-nan,-nan,0
-3.15164,55.8622,10.5,-nan,-nan,0
-3.15164,55.8623,10.5,-nan,-nan,0
-3.15154,55.8624,10.5,-nan,-nan,0
-3.15154,55.8617,10.5,-nan,-nan,0
-3.15154,55.8618,10.5,-nan,-nan,0
-3.15154,55.8619,10.5,-nan,-nan,0
-3.15154,55.862,10.5,-nan,-nan,0
-3.15154,55.8621,10.5,-nan,-nan,0
-3.15154,55.8622,10.5,-nan,-nan,0
-3.15154,55.8623,10.5,-nan,-nan,0
-3.15144,55.8624,13.5,-nan,-nan,0
-3.15144,55.8617,13.5,-nan,-nan,0
-3.15144,55.8618,13.5,-nan,-nan,0
-3.15144,55.8619,13.5,-nan,-nan,0
-3.15144,55.862,13.5,-nan,-nan,0
-3.15144,55.8621,13.5,-nan,-nan,0
-3.15144,55.8622,13.5,-nan,-nan,0
-3.15144,55.8623,13.5,-nan,-nan,0
-3.15334,55.8624,13.5,-nan,-nan,0
-3.15334,55.8617,13.5,-nan,-nan,0
-3.15334,55.8618,13.5,-nan,-nan,0
-3.15334,55.8619,13.5,-nan,-nan,0
-3.15334,55.862,13.5,-nan,-nan,0
-3.15334,55.8621,13.5,-nan,-nan,0
-3.15334,55.8622,13.5,-nan,-nan,0
-3.15334,55.8623,13.5,-nan,-nan,0
-3.15324,55.8624,13.5,-nan,-nan,0
-3.15324,55.8617,13.5,-nan,-nan,0
-3.15324,55.8618,13.5,-0.0901111,-0.995932,0
-3.15324,55.8619,13.5,-nan,-nan,0
-3.15324,55.862,13.5,-nan,-nan,0
-3.15324,55.8621,13.5,-nan,-nan,0
-3.15324,55.8622,13.5,-nan,-nan,0
-3.15324,55.8623,13.5,-nan,-nan,0
-3.15314,55.8624,13.5,-nan,-nan,0
-3.15314,55.8617,13.5,-nan,-nan,0
-3.15314,55.8618,13.5,-nan,-nan,0
-3.15314,55.8619,13.5,-nan,-nan,0
-3.15314,55.862,13.5,-nan,-nan,0
-3.15314,55.8621,13.5,-nan,-nan,0
-3.15314,55.8622,13.5,-nan,-nan,0
-3.15314,55.8623,13.5,-nan,-nan,0
-3.15304,55.8624,13.5,-nan,-nan,0
-3.15304,55.8617,13.5,-0.120368,-0.992729,0
-3.15304,55.8618,13.5,-nan,-nan,0
-3.15304,55.8619,13.5,-nan,-nan,0
-3.15304,55.862,13.5,-nan,-nan,0
-3.15304,55.8621,13.5,-nan,-nan,0
-3.15304,55.8622,13.5,-nan,-nan,0
-3.15304,55.8623,13.5,-nan,-nan,0
-3.15294,55.8624,13.5,-nan,-nan,0
-3.15294,55.8617,13.5,-0.0559959,-0.998431,0
-3.15294,55.8618,13.5,-nan,-nan,0
-3.15294,55.8619,13.5,-nan,-nan,0
-3.15294,55.862,13.5,-nan,-nan,0
-3.15294,55.8621,13.5,-nan,-nan,0
-3.15294,55.8622,13.5,-nan,-nan,0
-3.15294,55.8623,13.5,-nan,-nan,0
-3.15284,55.8624,13.5,-nan,-nan,0
-3.15284,55.8617,13.5,-nan,-nan,0
-3.15284,55.8618,13.5,-nan,-nan,0
-3.15284,55.8619,13.5,-nan,-nan,0
-3.15284,55.862,13.5,-nan,-nan,0
-3.15284,55.8621,13.5,-nan,-nan,0
-3.15284,55.8622,13.5,-nan,-nan,0
-3.15284,55.8623,13.5,-nan,-nan,0
-3.15274,55.8624,13.5,-nan,-nan,0
-3.15274,55.8617,13.5,0.660978,-0.750405,0
-3.15274,55.8618,13.5,0.481008,-0.876716,0
-3.15274,55.8619,13.5,-nan,-nan,0
-3.15274,55.862,13.5,-nan,-nan,0
-3.15274,55.8621,13.5,0.600141,-0.799894,0
-3.15274,55.8622,13.5,-nan,-nan,0
-3.15274,55.8623,13.5,0.332655,-0.943049,0
-3.15264,55.8624,13.5,-nan,-nan,0
-3.15264,55.8617,13.5,-nan,-nan,0
-3.15264,55.8618,13.5,-nan,-nan,0
-3.15264,55.8619,13.5,-nan,-nan,0
-3.15264,55.862,13.5,-nan,-nan,0
-3.15264,55.8621,13.5,0.327032,-0.945013,0
-3.15264,55.8622,13.5,-nan,-nan,0
-3.15264,55.8623,13.5,0.577088,-0.816682,0
-3.15254,55.8624,13.5,-nan,-nan,0
-3.15254,55.8617,13.5,-nan,-nan,0
-3.15254,55.8618,13.5,-nan,-nan,0
-3.15254,55.8619,13.5,-nan,-nan,0
-3.15254,55.862,13.5,-nan,-nan,0
-3.15254,55.8621,13.5,-nan,-nan,0
-3.15254,55.8622,13.5,-nan,-nan,0
-3.15254,55.8623,13.5,0.281476,-0.959568,0
-3.15244,55.8624,13.5,-nan,-nan,0
-3.15244,55.8617,13.5,-nan,-nan,0
-3.15244,55.8618,13.5,-nan,-nan,0
-3.15244,55.8619,13.5,-nan,-nan,0
-3.15244,55.862,13.5,-nan,-nan,0
-3.15244,55.8621,13.5,-nan,-nan,0
-3.15244,55.8622,13.5,-nan,-nan,0
-3.15244,55.8623,13.5,0.417603,-0.90863,0
-3.15234,55.8624,13.5,-nan,-nan,0
-3.15234,55.8617,13.5,-nan,-nan,0
-3.15234,55.8618,13.5,-nan,-nan,0
-3.15234,55.8619,13.5,-nan,-nan,0
-3.15234,55.862,13.5,-nan,-nan,0
-3.15234,55.8621,13.5,-nan,-nan,0
-3.15234,55.8622,13.5,-nan,-nan,0
-3.15234,55.8623,13.5,0.403146,-0.915136,0
-3.15224,55.8624,13.5,-nan,-nan,0
-3.15224,55.8617,13.5,-nan,-nan,0
-3.15224,55.8618,13.5,-nan,-nan,0
-3.15224,55.8619,13.5,-nan,-nan,0
-3.15224,55.862,13.5,-nan,-nan,0
-3.15224,55.8621,13.5,-nan,-nan,0
-3.15224,55.8622,13.5,0.365563,-0.930787,0
-3.15224,55.8623,13.5,0.558107,-0.829769,0
-3.15214,55.8624,13.5,-nan,-nan,0
-3.15214,55.8617,13.5,-nan,-nan,0
-3.15214,55.8618,13.5,-nan,-nan,0
-3.15214,55.8619,13.5,-nan,-nan,0
-3.15214,55.862,13.5,-nan,-nan,0
-3.15214,55.8621,13.5,-0.132849,-0.991136,0
-3.15214,55.8622,13.5,0.22091,-0.975294,0
-3.15214,55.8623,13.5,-nan,-nan,0
-3.15204,55.8624,13.5,-nan,-nan,0
-3.15204,55.8617,13.5,-nan,-nan,0
-3.15204,55.8618,13.5,-nan,-nan,0
-3.15204,55.8619,13.5,0.914254,0.405142,0
-3.15204,55.862,13.5,-nan,-nan,0
-3.15204,55.8621,13.5,-nan,-nan,0
-3.15204,55.8622,13.5,-nan,-nan,0
-3.15204,55.8623,13.5,-nan,-nan,0
-3.15194,55.8624,13.5,-nan,-nan,0
-3.15194,55.8617,13.5,-nan,-nan,0
-3.15194,55.8618,13.5,-nan,-nan,0
-3.15194,55.8619,13.5,-nan,-nan,0
-3.15194,55.862,13.5,-nan,-nan,0
-3.15194,55.8621,13.5,-nan,-nan,0
-3.15194,55.8622,13.5,-nan,-nan,0
-3.15194,55.8623,13.5,-nan,-nan,0
-3.15184,55.8624,13.5,-nan,-nan,0
-3.15184,55.8617,13.5,-nan,-nan,0
-3.15184,55.8618,13.5,-nan,-nan,0
-3.15184,55.8619,13.5,-nan,-nan,0
-3.15184,55.862,13.5,-nan,-nan,0
-3.15184,55.8621,13.5,-nan,-nan,0
-3.15184,55.8622,13.5,-nan,-nan,0
-3.15184,55.8623,13.5,-nan,-nan,0
-3.15174,55.8624,13.5,-nan,-nan,0
-3.15174,55.8617,13.5,-nan,-nan,0
-3.15174,55.8618,13.5,-nan,-nan,0
-3.15174,55.8619,13.5,-nan,-nan,0
-3.15174,55.862,13.5,-nan,-nan,0
-3.15174,55.8621,13.5,-nan,-nan,0
-3.15174,55.8622,13.5,-nan,-nan,0
-3.15174,55.8623,13.5,-nan,-nan,0
-3.15164,55.8624,13.5,-nan,-nan,0
-3.15164,55.8617,13.5,-nan,-nan,0
-3.15164,55.8618,13.5,-nan,-nan,0
-3.15164,55.8619,13.5,-nan,-nan,0
-3.15164,55.862,13.5,-nan,-nan,0
-3.15164,55.8621,13.5,-nan,-nan,0
-3.15164,55.8622,13.5,-nan,-nan,0
-3.15164,55.8623,13.5,-nan,-nan,0
-3.15154,55.8624,13.5,-nan,-nan,0
-3.15154,55.8617,13.5,-nan,-nan,0
-3.15154,55.8618,13.5,-nan,-nan,0
-3.15154,55.8619,13.5,-nan,-nan,0
-3.15154,55.862,13.5,-nan,-nan,0
-3.15154,55.8621,13.5,-nan,-nan,0
-3.15154,55.8622,13.5,-nan,-nan,0
-3.15154,55.8623,13.5,-nan,-nan,0
-3.15144,55.8624,16.5,-nan,-nan,0
-3.15144,55.8617,16.5,-nan,-nan,0
-3.15144,55.8618,16.5,-nan,-nan,0
-3.15144,55.8619,16.5,-nan,-nan,0
-3.15144,55.862,16.5,-nan,-nan,0
-3.15144,55.8621,16.5,-nan,-nan,0
-3.15144,55.8622,16.5,-nan,-nan,0
-3.15144,55.8623,16.5,-nan,-nan,0
-3.15334,55.8624,16.5,-nan,-nan,0
-3.15334,55.8617,16.5,-nan,-nan,0
-3.15334,55.8618,16.5,-0.00942452,-0.999956,0
-3.15334,55.8619,16.5,-nan,-nan,0
-3.15334,55.862,16.5,-nan,-nan,0
-3.15334,55.8621,16.5,-nan,-nan,0
-3.15334,55.8622,16.5,-nan,-nan,0
-3.15334,55.8623,16.5,-nan,-nan,0
-3.15324,55.8624,16.5,-nan,-nan,0
-3.15324,55.8617,16.5,-nan,-nan,0
-3.15324,55.8618,16.5,-nan,-nan,0
-3.15324,55.8619,16.5,-nan,-nan,0
-3.15324,55.862,16.5,-nan,-nan,0
-3.15324,55.8621,16.5,-nan,-nan,0
-3.15324,55.8622,16.5,-nan,-nan,0
-3.15324,55.8623,16.5,-nan,-nan,0
-3.15314,55.8624,16.5,-nan,-nan,0
-3.15314,55.8617,16.5,-nan,-nan,0
-3.15314,55.8618,16.5,-nan,-nan,0
-3.15314,55.8619,16.5,-nan,-nan,0
-3.15314,55.862,16.5,-nan,-nan,0
-3.15314,55.8621,16.5,-nan,-nan,0
-3.15314,55.8622,16.5,-nan,-nan,0
-3.15314,55.8623,16.5,-nan,-nan,0
-3.15304,55.8624,16.5,-nan,-nan,0
-3.15304,55.8617,16.5,-nan,-nan,0
-3.15304,55.8618,16.5,-nan,-nan,0
-3.15304,55.8619,16.5,-nan,-nan,0
-3.15304,55.862,16.5,-nan,-nan,0
-3.15304,55.8621,16.5,0.460975,-0.887413,0
-3.15304,55.8622,16.5,-nan,-nan,0
-3.15304,55.8623,16.5,-nan,-nan,0
-3.15294,55.8624,16.5,-nan,-nan,0
-3.15294,55.8617,16.5,0.0465837,-0.998914,0
-3.15294,55.8618,16.5,-nan,-nan,0
-3.15294,55.8619,16.5,-nan,-nan,0
-3.15294,55.862,16.5,-nan,-nan,0
-3.15294,55.8621,16.5,0.297042,-0.954864,0
-3.15294,55.8622,16.5,-nan,-nan,0
-3.15294,55.8623,16.5,-nan,-nan,0
-3.15284,55.8624,16.5,-nan,-nan,0
-3.15284,55.8617,16.5,0.0518131,-0.998657,0
-3.15284,55.8618,16.5,0.998527,0.0542528,0
-3.15284,55.8619,16.5,-nan,-nan,0
-3.15284,55.862,16.5,-nan,-nan,0
-3.15284,55.8621,16.5,0.239042,-0.971009,0
-3.15284,55.8622,16.5,-nan,-nan,0
-3.15284,55.8623,16.5,-nan,-nan,0
-3.15274,55.8624,16.5,-nan,-nan,0
-3.15274,55.8617,16.5,0.917211,-0.398402,0
-3.15274,55.8618,16.5,0.153331,-0.988175,0
-3.15274,55.8619,16.5,-nan,-nan,0
-3.15274,55.862,16.5,-nan,-nan,0
-3.15274,55.8621,16.5,0.597336,-0.801991,0
-3.15274,55.8622,16.5,-nan,-nan,0
-3.15274,55.8623,16.5,-nan,-nan,0
-3.15264,55.8624,16.5,-nan,-nan,0
-3.15264,55.8617,16.5,-nan,-nan,0
-3.15264,55.8618,16.5,-nan,-nan,0
-3.15264,55.8619,16.5,-nan,-nan,0
-3.15264,55.862,16.5,-nan,-nan,0
-3.15264,55.8621,16.5,0.177428,-0.984134,0
-3.15264,55.8622,16.5,-nan,-nan,0
-3.15264,55.8623,16.5,-nan,-nan,0
-3.15254,55.8624,16.5,-nan,-nan,0
-3.15254,55.8617,16.5,-nan,-nan,0
-3.15254,55.8618,16.5,-nan,-nan,0
-3.15254,55.8619,16.5,-nan,-nan,0
-3.15254,55.862,16.5,-nan,-nan,0
-3.15254,55.8621,16.5,-nan,-nan,0
-3.15254,55.8622,16.5,-nan,-nan,0
-3.15254,55.8623,16.5,-nan,-nan,0
-3.15244,55.8624,16.5,-nan,-nan,0
-3.15244,55.8617,16.5,-nan,-nan,0
-3.15244,55.8618,16.5,-nan,-nan,0
-3.15244,55.8619,16.5,-nan,-nan,0
-3.15244,55.862,16.5,-nan,-nan,0
-3.15244,55.8621,16.5,0.422934,-0.90616,0
-3.15244,55.8622,16.5,-nan,-nan,0
-3.15244,55.8623,16.5,-nan,-nan,0
-3.15234,55.8624,16.5,-nan,-nan,0
-3.15234,55.8617,16.5,-nan,-nan,0
-3.15234,55.8618,16.5,-nan,-nan,0
-3.15234,55.8619,16.5,-nan,-nan,0
-3.15234,55.862,16.5,-nan,-nan,0
-3.15234,55.8621,16.5,0.518251,-0.855229,0
-3.15234,55.8622,16.5,-nan,-nan,0
-3.15234,55.8623,16.5,-nan,-nan,0
-3.15224,55.8624,16.5,-nan,-nan,0
-3.15224,55.8617,16.5,-nan,-nan,0
-3.15224,55.8618,16.5,-nan,-nan,0
-3.15224,55.8619,16.5,-0.248098,-0.968735,0
-3.15224,55.862,16.5,-0.0746303,-0.997211,0
-3.15224,55.8621,16.5,-nan,-nan,0
-3.15224,55.8622,16.5,0.489222,-0.872159,0
-3.15224,55.8623,16.5,0.589831,-0.807527,0
-3.15214,55.8624,16.5,-nan,-nan,0
-3.15214,55.8617,16.5,-nan,-nan,0
-3.15214,55.8618,16.5,-nan,-nan,0
-3.15214,55.8619,16.5,-nan,-nan,0
-3.15214,55.862,16.5,-nan,-nan,0
-3.15214,55.8621,16.5,0.81114,-0.584852,0
-3.15214,55.8622,16.5,0.521388,-0.85332,0
-3.15214,55.8623,16.5,-nan,-nan,0
-3.15204,55.8624,16.5,-nan,-nan,0
-3.15204,55.8617,16.5,0.507087,-0.861895,0
-3.15204,55.8618,16.5,0.920737,0.390185,0
-3.15204,55.8619,16.5,0.914254,0.405142,0
-3.15204,55.862,16.5,0.800746,0.599004,0
-3.15204,55.8621,16.5,0.717073,-0.696998,0
-3.15204,55.8622,16.5,-nan,-nan,0
-3.15204,55.8623,16.5,-nan,-nan,0
-3.15194,55.8624,16.5,-nan,-nan,0
-3.15194,55.8617,16.5,-nan,-nan,0
-3.15194,55.8618,16.5,-nan,-nan,0
-3.15194,55.8619,16.5,-nan,-nan,0
-3.15194,55.862,16.5,-nan,-nan,0
-3.15194,55.8621,16.5,0.66497,-0.74687,0
-3.15194,55.8622,16.5,-nan,-nan,0
-3.15194,55.8623,16.5,-nan,-nan,0
-3.15184,55.8624,16.5,-nan,-nan,0
-3.15184,55.8617,16.5,-nan,-nan,0
-3.15184,55.8618,16.5,-nan,-nan,0
-3.15184,55.8619,16.5,-nan,-nan,0
-3.15184,55.862,16.5,-nan,-nan,0
-3.15184,55.8621,16.5,-nan,-nan,0
-3.15184,55.8622,16.5,-nan,-nan,0
-3.15184,55.8623,16.5,-nan,-nan,0
-3.15174,55.8624,16.5,-nan,-nan,0
-3.15174,55.8617,16.5,-nan,-nan,0
-3.15174,55.8618,16.5,-nan,-nan,0
-3.15174,55.8619,16.5,-nan,-nan,0
-3.15174,55.862,16.5,-nan,-nan,0
-3.15174,55.8621,16.5,-nan,-nan,0
-3.15174,55.8622,16.5,-nan,-nan,0
-3.15174,55.8623,16.5,-nan,-nan,0
-3.15164,55.8624,16.5,-nan,-nan,0
-3.15164,55.8617,16.5,-nan,-nan,0
-3.15164,55.8618,16.5,-nan,-nan,0
-3.15164,55.8619,16.5,-nan,-nan,0
-3.15164,55.862,16.5,-nan,-nan,0
-3.15164,55.8621,16.5,-nan,-nan,0
-3.15164,55.8622,16.5,-nan,-nan,0
-3.15164,55.8623,16.5,-nan,-nan,0
-3.15154,55.8624,16.5,-nan,-nan,0
-3.15154,55.8617,16.5,-nan,-nan,0
-3.15154,55.8618,16.5,-nan,-nan,0
-3.15154,55.8619,16.5,-nan,-nan,0
-3.15154,55.862,16.5,-nan,-nan,0
-3.15154,55.8621,16.5,-nan,-nan,0
-3.15154,55.8622,16.5,-nan,-nan,0
-3.15154,55.8623,16.5,-nan,-nan,0
-3.15144,55.8624,19.5,-nan,-nan,0
-3.15144,55.8617,19.5,-nan,-nan,0
-3.15144,55.8618,19.5,-nan,-nan,0
-3.15144,55.8619,19.5,-nan,-nan,0
-3.15144,55.862,19.5,-nan,-nan,0
-3.15144,55.8621,19.5,-nan,-nan,0
-3.15144,55.8622,19.5,-nan,-nan,0
-3.15144,55.8623,19.5,-nan,-nan,0
-3.15334,55.8624,19.5,-nan,-nan,0
-3.15334,55.8617,19.5,-nan,-nan,0
-3.15334,55.8618,19.5,0.195661,-0.980672,0
-3.15334,55.8619,19.5,-nan,-nan,0
-3.15334,55.862,19.5,0.53568,-0.844421,0
-3.15334,55.8621,19.5,-nan,-nan,0
-3.15334,55.8622,19.5,-nan,-nan,0
-3.15334,55.8623,19.5,-nan,-nan,0
-3.15324,55.8624,19.5,-nan,-nan,0
-3.15324,55.8617,19.5,-nan,-nan,0
-3.15324,55.8618,19.5,-nan,-nan,0
-3.15324,55.8619,19.5,-nan,-nan,0
-3.15324,55.862,19.5,0.488926,-0.872325,0
-3.15324,55.8621,19.5,-nan,-nan,0
-3.15324,55.8622,19.5,-nan,-nan,0
-3.15324,55.8623,19.5,-nan,-nan,0
-3.15314,55.8624,19.5,-nan,-nan,0
-3.15314,55.8617,19.5,-nan,-nan,0
-3.15314,55.8618,19.5,-nan,-nan,0
-3.15314,55.8619,19.5,-nan,-nan,0
-3.15314,55.862,19.5,0.515637,-0.856807,0
-3.15314,55.8621,19.5,0.583447,-0.812151,0
-3.15314,55.8622,19.5,-nan,-nan,0
-3.15314,55.8623,19.5,-nan,-nan,0
-3.15304,55.8624,19.5,-nan,-nan,0
-3.15304,55.8617,19.5,-nan,-nan,0
-3.15304,55.8618,19.5,-nan,-nan,0
-3.15304,55.8619,19.5,-nan,-nan,0
-3.15304,55.862,19.5,-nan,-nan,0
-3.15304,55.8621,19.5,0.505281,-0.862955,0
-3.15304,55.8622,19.5,-nan,-nan,0
-3.15304,55.8623,19.5,-nan,-nan,0
-3.15294,55.8624,19.5,-nan,-nan,0
-3.15294,55.8617,19.5,-nan,-nan,0
-3.15294,55.8618,19.5,0.91941,-0.3933,0
-3.15294,55.8619,19.5,-nan,-nan,0
-3.15294,55.862,19.5,-nan,-nan,0
-3.15294,55.8621,19.5,-nan,-nan,0
-3.15294,55.8622,19.5,-nan,-nan,0
-3.15294,55.8623,19.5,-nan,-nan,0
-3.15284,55.8624,19.5,-nan,-nan,0
-3.15284,55.8617,19.5,-nan,-nan,0
-3.15284,55.8618,19.5,0.999967,0.00814452,0
-3.15284,55.8619,19.5,-nan,-nan,0
-3.15284,55.862,19.5,-nan,-nan,0
-3.15284,55.8621,19.5,-nan,-nan,0
-3.15284,55.8622,19.5,-nan,-nan,0
-3.15284,55.8623,19.5,-nan,-nan,0
-3.15274,55.8624,19.5,-nan,-nan,0
-3.15274,55.8617,19.5,0.118023,-0.993011,0
-3.15274,55.8618,19.5,0.117711,-0.993048,0
-3.15274,55.8619,19.5,0.030887,-0.999523,0
-3.15274,55.862,19.5,0.362955,-0.931807,0
-3.15274,55.8621,19.5,-nan,-nan,0
-3.15274,55.8622,19.5,-nan,-nan,0
-3.15274,55.8623,19.5,-nan,-nan,0
-3.15264,55.8624,19.5,-nan,-nan,0
-3.15264,55.8617,19.5,0.215929,-0.976409,0
-3.15264,55.8618,19.5,0.365527,-0.930801,0
-3.15264,55.8619,19.5,-nan,-nan,0
-3.15264,55.862,19.5,-nan,-nan,0
-3.15264,55.8621,19.5,-nan,-nan,0
-3.15264,55.8622,19.5,-nan,-nan,0
-3.15264,55.8623,19.5,-nan,-nan,0
-3.15254,55.8624,19.5,-nan,-nan,0
-3.15254,55.8617,19.5,-nan,-nan,0
-3.15254,55.8618,19.5,-nan,-nan,0
-3.15254,55.8619,19.5,0.523874,-0.851796,0
-3.15254,55.862,19.5,0.4891,-0.872228,0
-3.15254,55.8621,19.5,0.372178,-0.928161,0
-3.15254,55.8622,19.5,-nan,-nan,0
-3.15254,55.8623,19.5,-nan,-nan,0
-3.15244,55.8624,19.5,-nan,-nan,0
-3.15244,55.8617,19.5,-nan,-nan,0
-3.15244,55.8618,19.5,-nan,-nan,0
-3.15244,55.8619,19.5,-nan,-nan,0
-3.15244,55.862,19.5,-nan,-nan,0
-3.15244,55.8621,19.5,0.451905,-0.892066,0
-3.15244,55.8622,19.5,-nan,-nan,0
-3.15244,55.8623,19.5,-nan,-nan,0
-3.15234,55.8624,19.5,-nan,-nan,0
-3.15234,55.8617,19.5,-nan,-nan,0
-3.15234,55.8618,19.5,-nan,-nan,0
-3.15234,55.8619,19.5,0.813101,-0.582123,0
-3.15234,55.862,19.5,-nan,-nan,0
-3.15234,55.8621,19.5,0.446572,-0.894747,0
-3.15234,55.8622,19.5,0.527845,-0.849341,0
-3.15234,55.8623,19.5,-nan,-nan,0
-3.15224,55.8624,19.5,-nan,-nan,0
-3.15224,55.8617,19.5,-nan,-nan,0
-3.15224,55.8618,19.5,-nan,-nan,0
-3.15224,55.8619,19.5,0.157838,-0.987465,0
-3.15224,55.862,19.5,-0.0689249,-0.997622,0
-3.15224,55.8621,19.5,-nan,-nan,0
-3.15224,55.8622,19.5,0.474058,-0.880494,0
-3.15224,55.8623,19.5,0.621832,-0.783151,0
-3.15214,55.8624,19.5,-nan,-nan,0
-3.15214,55.8617,19.5,-nan,-nan,0
-3.15214,55.8618,19.5,-nan,-nan,0
-3.15214,55.8619,19.5,0.148154,-0.988964,0
-3.15214,55.862,19.5,-nan,-nan,0
-3.15214,55.8621,19.5,0.57686,0.816843,0
-3.15214,55.8622,19.5,0.696614,0.717446,0
-3.15214,55.8623,19.5,-0.168765,-0.985656,0
-3.15204,55.8624,19.5,-nan,-nan,0
-3.15204,55.8617,19.5,-0.481371,-0.876517,0
-3.15204,55.8618,19.5,-nan,-nan,0
-3.15204,55.8619,19.5,-nan,-nan,0
-3.15204,55.862,19.5,-nan,-nan,0
-3.15204,55.8621,19.5,-nan,-nan,0
-3.15204,55.8622,19.5,0.164876,-0.986314,0
-3.15204,55.8623,19.5,-nan,-nan,0
-3.15194,55.8624,19.5,-nan,-nan,0
-3.15194,55.8617,19.5,-nan,-nan,0
-3.15194,55.8618,19.5,-nan,-nan,0
-3.15194,55.8619,19.5,-nan,-nan,0
-3.15194,55.862,19.5,0.651878,-0.758324,0
-3.15194,55.8621,19.5,0.65641,-0.754404,0
-3.15194,55.8622,19.5,0.00122159,-0.999999,0
-3.15194,55.8623,19.5,-nan,-nan,0
-3.15184,55.8624,19.5,-nan,-nan,0
-3.15184,55.8617,19.5,-nan,-nan,0
-3.15184,55.8618,19.5,-nan,-nan,0
-3.15184,55.8619,19.5,-nan,-nan,0
-3.15184,55.862,19.5,0.621717,-0.783242,0
-3.15184,55.8621,19.5,-0.431299,-0.902209,0
-3.15184,55.8622,19.5,-0.291465,-0.956581,0
-3.15184,55.8623,19.5,-nan,-nan,0
-3.15174,55.8624,19.5,-nan,-nan,0
-3.15174,55.8617,19.5,-nan,-nan,0
-3.15174,55.8618,19.5,-nan,-nan,0
-3.15174,55.8619,19.5,-nan,-nan,0
-3.15174,55.862,19.5,0.169398,-0.985548,0
-3.15174,55.8621,19.5,-0.353895,-0.935285,0
-3.15174,55.8622,19.5,-nan,-nan,0
-3.15174,55.8623,19.5,-nan,-nan,0
-3.15164,55.8624,19.5,-nan,-nan,0
-3.15164,55.8617,19.5,-nan,-nan,0
-3.15164,55.8618,19.5,-nan,-nan,0
-3.15164,55.8619,19.5,-nan,-nan,0
-3.15164,55.862,19.5,-0.00495053,-0.999988,0
-3.15164,55.8621,19.5,-nan,-nan,0
-3.15164,55.8622,19.5,-nan,-nan,0
-3.15164,55.8623,19.5,-nan,-nan,0
-3.15154,55.8624,19.5,-nan,-nan,0
-3.15154,55.8617,19.5,-nan,-nan,0
-3.15154,55.8618,19.5,-nan,-nan,0
-3.15154,55.8619,19.5,-nan,-nan,0
-3.15154,55.862,19.5,-nan,-nan,0
-3.15154,55.8621,19.5,-nan,-nan,0
-3.15154,55.8622,19.5,-nan,-nan,0
-3.15154,55.8623,19.5,-nan,-nan,0
-3.15144,55.8624,22.5,-nan,-nan,0
-3.15144,55.8617,22.5,-nan,-nan,0
-3.15144,55.8618,22.5,-nan,-nan,0
-3.15144,55.8619,22.5,-nan,-nan,0
-3.15144,55.862,22.5,-nan,-nan,0
-3.15144,55.8621,22.5,-nan,-nan,0
-3.15144,55.8622,22.5,-nan,-nan,0
-3.15144,55.8623,22.5,-nan,-nan,0
-3.15334,55.8624,22.5,-nan,-nan,0
-3.15334,55.8617,22.5,-nan,-nan,0
-3.15334,55.8618,22.5,0.774172,-0.632975,0
-3.15334,55.8619,22.5,0.541988,-0.840386,0
-3.15334,55.862,22.5,0.519271,-0.85461,0
-3.15334,55.8621,22.5,-nan,-nan,0
-3.15334,55.8622,22.5,-nan,-nan,0
-3.15334,55.8623,22.5,-nan,-nan,0
-3.15324,55.8624,22.5,-nan,-nan,0
-3.15324,55.8617,22.5,-nan,-nan,0
-3.15324,55.8618,22.5,-nan,-nan,0
-3.15324,55.8619,22.5,-nan,-nan,0
-3.15324,55.862,22.5,0.453628,-0.891191,0
-3.15324,55.8621,22.5,-nan,-nan,0
-3.15324,55.8622,22.5,-nan,-nan,0
-3.15324,55.8623,22.5,-nan,-nan,0
-3.15314,55.8624,22.5,-nan,-nan,0
-3.15314,55.8617,22.5,-nan,-nan,0
-3.15314,55.8618,22.5,-nan,-nan,0
-3.15314,55.8619,22.5,-nan,-nan,0
-3.15314,55.862,22.5,-nan,-nan,0
-3.15314,55.8621,22.5,-nan,-nan,0
-3.15314,55.8622,22.5,-nan,-nan,0
-3.15314,55.8623,22.5,-nan,-nan,0
-3.15304,55.8624,22.5,-nan,-nan,0
-3.15304,55.8617,22.5,-nan,-nan,0
-3.15304,55.8618,22.5,-nan,-nan,0
-3.15304,55.8619,22.5,-nan,-nan,0
-3.15304,55.862,22.5,-nan,-nan,0
-3.15304,55.8621,22.5,-nan,-nan,0
-3.15304,55.8622,22.5,-nan,-nan,0
-3.15304,55.8623,22.5,-nan,-nan,0
-3.15294,55.8624,22.5,-nan,-nan,0
-3.15294,55.8617,22.5,-nan,-nan,0
-3.15294,55.8618,22.5,0.736369,-0.67658,0
-3.15294,55.8619,22.5,-nan,-nan,0
-3.15294,55.862,22.5,-nan,-nan,0
-3.15294,55.8621,22.5,-nan,-nan,0
-3.15294,55.8622,22.5,-nan,-nan,0
-3.15294,55.8623,22.5,-nan,-nan,0
-3.15284,55.8624,22.5,-nan,-nan,0
-3.15284,55.8617,22.5,-nan,-nan,0
-3.15284,55.8618,22.5,-nan,-nan,0
-3.15284,55.8619,22.5,-nan,-nan,0
-3.15284,55.862,22.5,-nan,-nan,0
-3.15284,55.8621,22.5,-nan,-nan,0
-3.15284,55.8622,22.5,-nan,-nan,0
-3.15284,55.8623,22.5,-nan,-nan,0
-3.15274,55.8624,22.5,-nan,-nan,0
-3.15274,55.8617,22.5,-nan,-nan,0
-3.15274,55.8618,22.5,-nan,-nan,0
-3.15274,55.8619,22.5,0.344868,-0.938651,0
-3.15274,55.862,22.5,-nan,-nan,0
-3.15274,55.8621,22.5,-nan,-nan,0
-3.15274,55.8622,22.5,-nan,-nan,0
-3.15274,55.8623,22.5,-nan,-nan,0
-3.15264,55.8624,22.5,-nan,-nan,0
-3.15264,55.8617,22.5,-nan,-nan,0
-3.15264,55.8618,22.5,-nan,-nan,0
-3.15264,55.8619,22.5,-nan,-nan,0
-3.15264,55.862,22.5,-nan,-nan,0
-3.15264,55.8621,22.5,-nan,-nan,0
-3.15264,55.8622,22.5,-nan,-nan,0
-3.15264,55.8623,22.5,-nan,-nan,0
-3.15254,55.8624,22.5,-nan,-nan,0
-3.15254,55.8617,22.5,-nan,-nan,0
-3.15254,55.8618,22.5,0.449319,-0.893371,0
-3.15254,55.8619,22.5,0.489717,-0.871881,0
-3.15254,55.862,22.5,0.362763,-0.931881,0
-3.15254,55.8621,22.5,-nan,-nan,0
-3.15254,55.8622,22.5,-nan,-nan,0
-3.15254,55.8623,22.5,-nan,-nan,0
-3.15244,55.8624,22.5,-nan,-nan,0
-3.15244,55.8617,22.5,-nan,-nan,0
-3.15244,55.8618,22.5,-nan,-nan,0
-3.15244,55.8619,22.5,-0.787096,0.61683,0
-3.15244,55.862,22.5,-nan,-nan,0
-3.15244,55.8621,22.5,-nan,-nan,0
-3.15244,55.8622,22.5,-nan,-nan,0
-3.15244,55.8623,22.5,-nan,-nan,0
-3.15234,55.8624,22.5,-nan,-nan,0
-3.15234,55.8617,22.5,-nan,-nan,0
-3.15234,55.8618,22.5,-nan,-nan,0
-3.15234,55.8619,22.5,-0.820202,0.572075,0
-3.15234,55.862,22.5,-nan,-nan,0
-3.15234,55.8621,22.5,-nan,-nan,0
-3.15234,55.8622,22.5,-nan,-nan,0
-3.15234,55.8623,22.5,-nan,-nan,0
-3.15224,55.8624,22.5,-nan,-nan,0
-3.15224,55.8617,22.5,-nan,-nan,0
-3.15224,55.8618,22.5,-nan,-nan,0
-3.15224,55.8619,22.5,-nan,-nan,0
-3.15224,55.862,22.5,-nan,-nan,0
-3.15224,55.8621,22.5,-nan,-nan,0
-3.15224,55.8622,22.5,-nan,-nan,0
-3.15224,55.8623,22.5,-nan,-nan,0
-3.15214,55.8624,22.5,-nan,-nan,0
-3.15214,55.8617,22.5,-nan,-nan,0
-3.15214,55.8618,22.5,-nan,-nan,0
-3.15214,55.8619,22.5,-nan,-nan,0
-3.15214,55.862,22.5,-nan,-nan,0
-3.15214,55.8621,22.5,-nan,-nan,0
-3.15214,55.8622,22.5,-nan,-nan,0
-3.15214,55.8623,22.5,-nan,-nan,0
-3.15204,55.8624,22.5,-nan,-nan,0
-3.15204,55.8617,22.5,-nan,-nan,0
-3.15204,55.8618,22.5,-nan,-nan,0
-3.15204,55.8619,22.5,-nan,-nan,0
-3.15204,55.862,22.5,-nan,-nan,0
-3.15204,55.8621,22.5,-nan,-nan,0
-3.15204,55.8622,22.5,-nan,-nan,0
-3.15204,55.8623,22.5,-nan,-nan,0
-3.15194,55.8624,22.5,-nan,-nan,0
-3.15194,55.8617,22.5,-nan,-nan,0
-3.15194,55.8618,22.5,-nan,-nan,0
-3.15194,55.8619,22.5,-nan,-nan,0
-3.15194,55.862,22.5,-nan,-nan,0
-3.15194,55.8621,22.5,-nan,-nan,0
-3.15194,55.8622,22.5,-0.231918,-0.972735,0
-3.15194,55.8623,22.5,-nan,-nan,0
-3.15184,55.8624,22.5,-nan,-nan,0
-3.15184,55.8617,22.5,-nan,-nan,0
-3.15184,55.8618,22.5,-nan,-nan,0
-3.15184,55.8619,22.5,-nan,-nan,0
-3.15184,55.862,22.5,-nan,-nan,0
-3.15184,55.8621,22.5,-nan,-nan,0
-3.15184,55.8622,22.5,-0.147292,-0.989093,0
-3.15184,55.8623,22.5,-nan,-nan,0
-3.15174,55.8624,22.5,-nan,-nan,0
-3.15174,55.8617,22.5,-nan,-nan,0
-3.15174,55.8618,22.5,-nan,-nan,0
-3.15174,55.8619,22.5,-nan,-nan,0
-3.15174,55.862,22.5,-nan,-nan,0
-3.15174,55.8621,22.5,-nan,-nan,0
-3.15174,55.8622,22.5,-nan,-nan,0
-3.15174,55.8623,22.5,-nan,-nan,0
-3.15164,55.8624,22.5,-nan,-nan,0
-3.15164,55.8617,22.5,-nan,-nan,0
-3.15164,55.8618,22.5,-nan,-nan,0
-3.15164,55.8619,22.5,-nan,-nan,0
-3.15164,55.862,22.5,-nan,-nan,0
-3.15164,55.8621,22.5,-nan,-nan,0
-3.15164,55.8622,22.5,-nan,-nan,0
-3.15164,55.8623,22.5,-nan,-nan,0
-3.15154,55.8624,22.5,-nan,-nan,0
-3.15154,55.8617,22.5,-nan,-nan,0
-3.15154,55.8618,22.5,-nan,-nan,0
-3.15154,55.8619,22.5,-nan,-nan,0
-3.15154,55.862,22.5,-nan,-nan,0
-3.15154,55.8621,22.5,-nan,-nan,0
-3.15154,55.8622,22.5,-nan,-nan,0
-3.15154,55.8623,22.5,-nan,-nan,0
-3.15144,55.8624,25.5,-nan,-nan,0
-3.15144,55.8617,25.5,-nan,-nan,0
-3.15144,55.8618,25.5,-nan,-nan,0
-3.15144,55.8619,25.5,-nan,-nan,0
-3.15144,55.862,25.5,-nan,-nan,0
-3.15144,55.8621,25.5,-nan,-nan,0
-3.15144,55.8622,25.5,-nan,-nan,0
-3.15144,55.8623,25.5,-nan,-nan,0
-3.15334,55.8624,25.5,-nan,-nan,0
-3.15334,55.8617,25.5,-nan,-nan,0
-3.15334,55.8618,25.5,0.943765,-0.330617,0
-3.15334,55.8619,25.5,-nan,-nan,0
-3.15334,55.862,25.5,-nan,-nan,0
-3.15334,55.8621,25.5,-nan,-nan,0
-3.15334,55.8622,25.5,-nan,-nan,0
-3.15334,55.8623,25.5,-nan,-nan,0
-3.15324,55.8624,25.5,-nan,-nan,0
-3.15324,55.8617,25.5,-nan,-nan,0
-3.15324,55.8618,25.5,0.213429,-0.976959,0
-3.15324,55.8619,25.5,-nan,-nan,0
-3.15324,55.862,25.5,-nan,-nan,0
-3.15324,55.8621,25.5,-nan,-nan,0
-3.15324,55.8622,25.5,-nan,-nan,0
-3.15324,55.8623,25.5,-nan,-nan,0
-3.15314,55.8624,25.5,-nan,-nan,0
-3.15314,55.8617,25.5,-nan,-nan,0
-3.15314,55.8618,25.5,-nan,-nan,0
-3.15314,55.8619,25.5,-nan,-nan,0
-3.15314,55.862,25.5,-nan,-nan,0
-3.15314,55.8621,25.5,-nan,-nan,0
-3.15314,55.8622,25.5,-nan,-nan,0
-3.15314,55.8623,25.5,-nan,-nan,0
-3.15304,55.8624,25.5,-nan,-nan,0
-3.15304,55.8617,25.5,-nan,-nan,0
-3.15304,55.8618,25.5,-nan,-nan,0
-3.15304,55.8619,25.5,-nan,-nan,0
-3.15304,55.862,25.5,-nan,-nan,0
-3.15304,55.8621,25.5,-nan,-nan,0
-3.15304,55.8622,25.5,-nan,-nan,0
-3.15304,55.8623,25.5,-nan,-nan,0
-3.15294,55.8624,25.5,-nan,-nan,0
-3.15294,55.8617,25.5,0.764296,-0.644865,0
-3.15294,55.8618,25.5,-nan,-nan,0
-3.15294,55.8619,25.5,-nan,-nan,0
-3.15294,55.862,25.5,-nan,-nan,0
-3.15294,55.8621,25.5,-nan,-nan,0
-3.15294,55.8622,25.5,-nan,-nan,0
-3.15294,55.8623,25.5,-nan,-nan,0
-3.15284,55.8624,25.5,-nan,-nan,0
-3.15284,55.8617,25.5,0.526016,-0.850475,0
-3.15284,55.8618,25.5,-nan,-nan,0
-3.15284,55.8619,25.5,-nan,-nan,0
-3.15284,55.862,25.5,-nan,-nan,0
-3.15284,55.8621,25.5,-nan,-nan,0
-3.15284,55.8622,25.5,-nan,-nan,0
-3.15284,55.8623,25.5,-nan,-nan,0
-3.15274,55.8624,25.5,-nan,-nan,0
-3.15274,55.8617,25.5,-nan,-nan,0
-3.15274,55.8618,25.5,-nan,-nan,0
-3.15274,55.8619,25.5,-nan,-nan,0
-3.15274,55.862,25.5,-nan,-nan,0
-3.15274,55.8621,25.5,-nan,-nan,0
-3.15274,55.8622,25.5,-nan,-nan,0
-3.15274,55.8623,25.5,-nan,-nan,0
-3.15264,55.8624,25.5,-nan,-nan,0
-3.15264,55.8617,25.5,-nan,-nan,0
-3.15264,55.8618,25.5,-nan,-nan,0
-3.15264,55.8619,25.5,-0.466541,0.8845,0
-3.15264,55.862,25.5,-nan,-nan,0
-3.15264,55.8621,25.5,-nan,-nan,0
-3.15264,55.8622,25.5,-nan,-nan,0
-3.15264,55.8623,25.5,-nan,-nan,0
-3.15254,55.8624,25.5,-nan,-nan,0
-3.15254,55.8617,25.5,-nan,-nan,0
-3.15254,55.8618,25.5,-nan,-nan,0
-3.15254,55.8619,25.5,0.578968,-0.81535,0
-3.15254,55.862,25.5,-nan,-nan,0
-3.15254,55.8621,25.5,-nan,-nan,0
-3.15254,55.8622,25.5,-nan,-nan,0
-3.15254,55.8623,25.5,-nan,-nan,0
-3.15244,55.8624,25.5,-nan,-nan,0
-3.15244,55.8617,25.5,-nan,-nan,0
-3.15244,55.8618,25.5,-nan,-nan,0
-3.15244,55.8619,25.5,-nan,-nan,0
-3.15244,55.862,25.5,-nan,-nan,0
-3.15244,55.8621,25.5,-nan,-nan,0
-3.15244,55.8622,25.5,-nan,-nan,0
-3.15244,55.8623,25.5,-nan,-nan,0
-3.15234,55.8624,25.5,-nan,-nan,0
-3.15234,55.8617,25.5,-nan,-nan,0
-3.15234,55.8618,25.5,-nan,-nan,0
-3.15234,55.8619,25.5,-nan,-nan,0
-3.15234,55.862,25.5,-nan,-nan,0
-3.15234,55.8621,25.5,-nan,-nan,0
-3.15234,55.8622,25.5,-nan,-nan,0
-3.15234,55.8623,25.5,-nan,-nan,0
-3.15224,55.8624,25.5,-nan,-nan,0
-3.15224,55.8617,25.5,-nan,-nan,0
-3.15224,55.8618,25.5,-nan,-nan,0
-3.15224,55.8619,25.5,-nan,-nan,0
-3.15224,55.862,25.5,-nan,-nan,0
-3.15224,55.8621,25.5,-nan,-nan,0
-3.15224,55.8622,25.5,-nan,-nan,0
-3.15224,55.8623,25.5,-nan,-nan,0
-3.15214,55.8624,25.5,-nan,-nan,0
-3.15214,55.8617,25.5,-nan,-nan,0
-3.15214,55.8618,25.5,-nan,-nan,0
-3.15214,55.8619,25.5,-nan,-nan,0
-3.15214,55.862,25.5,-nan,-nan,0
-3.15214,55.8621,25.5,-nan,-nan,0
-3.15214,55.8622,25.5,-nan,-nan,0
-3.15214,55.8623,25.5,-nan,-nan,0
-3.15204,55.8624,25.5,-nan,-nan,0
-3.15204,55.8617,25.5,-nan,-nan,0
-3.15204,55.8618,25.5,-nan,-nan,0
-3.15204,55.8619,25.5,-nan,-nan,0
-3.15204,55.862,25.5,-nan,-nan,0
-3.15204,55.8621,25.5,-nan,-nan,0
-3.15204,55.8622,25.5,-nan,-nan,0
-3.15204,55.8623,25.5,-nan,-nan,0
-3.15194,55.8624,25.5,-nan,-nan,0
-3.15194,55.8617,25.5,-nan,-nan,0
-3.15194,55.8618,25.5,-nan,-nan,0
-3.15194,55.8619,25.5,-nan,-nan,0
-3.15194,55.862,25.5,-nan,-nan,0
-3.15194,55.8621,25.5,-nan,-nan,0
-3.15194,55.8622,25.5,-nan,-nan,0
-3.15194,55.8623,25.5,-nan,-nan,0
-3.15184,55.8624,25.5,-nan,-nan,0
-3.15184,55.8617,25.5,-nan,-nan,0
-3.15184,55.8618,25.5,-nan,-nan,0
-3.15184,55.8619,25.5,-nan,-nan,0
-3.15184,55.862,25.5,-nan,-nan,0
-3.15184,55.8621,25.5,-nan,-nan,0
-3.15184,55.8622,25.5,-nan,-nan,0
-3.15184,55.8623,25.5,-nan,-nan,0
-3.15174,55.8624,25.5,-nan,-nan,0
-3.15174,55.8617,25.5,-nan,-nan,0
-3.15174,55.8618,25.5,-nan,-nan,0
-3.15174,55.8619,25.5,-nan,-nan,0
-3.15174,55.862,25.5,-nan,-nan,0
-3.15174,55.8621,25.5,-nan,-nan,0
-3.15174,55.8622,25.5,-nan,-nan,0
-3.15174,55.8623,25.5,-nan,-nan,0
-3.15164,55.8624,25.5,-nan,-nan,0
-3.15164,55.8617,25.5,-nan,-nan,0
-3.15164,55.8618,25.5,-nan,-nan,0
-3.15164,55.8619,25.5,-nan,-nan,0
-3.15164,55.862,25.5,-nan,-nan,0
-3.15164,55.8621,25.5,-nan,-nan,0
-3.15164,55.8622,25.5,-nan,-nan,0
-3.15164,55.8623,25.5,-nan,-nan,0
-3.15154,55.8624,25.5,-nan,-nan,0
-3.15154,55.8617,25.5,-nan,-nan,0
-3.15154,55.8618,25.5,-nan,-nan,0
-3.15154,55.8619,25.5,-nan,-nan,0
-3.15154,55.862,25.5,-nan,-nan,0
-3.15154,55.8621,25.5,-nan,-nan,0
-3.15154,55.8622,25.5,-nan,-nan,0
-3.15154,55.8623,25.5,-nan,-nan,0
-3.15144,55.8624,28.5,-nan,-nan,0
-3.15144,55.8617,28.5,-nan,-nan,0
-3.15144,55.8618,28.5,-nan,-nan,0
-3.15144,55.8619,28.5,-nan,-nan,0
-3.15144,55.862,28.5,-nan,-nan,0
-3.15144,55.8621,28.5,-nan,-nan,0
-3.15144,55.8622,28.5,-nan,-nan,0
-3.15144,55.8623,28.5,-nan,-nan,0
-3.15334,55.8624,28.5,-nan,-nan,0
-3.15334,55.8617,28.5,-nan,-nan,0
-3.15334,55.8618,28.5,0.56691,-0.82378,0
-3.15334,55.8619,28.5,-nan,-nan,0
-3.15334,55.862,28.5,-nan,-nan,0
-3.15334,55.8621,28.5,-nan,-nan,0
-3.15334,55.8622,28.5,-nan,-nan,0
-3.15334,55.8623,28.5,-nan,-nan,0
-3.15324,55.8624,28.5,-nan,-nan,0
-3.15324,55.8617,28.5,-nan,-nan,0
-3.15324,55.8618,28.5,0.690504,-0.723329,0
-3.15324,55.8619,28.5,-nan,-nan,0
-3.15324,55.862,28.5,-nan,-nan,0
-3.15324,55.8621,28.5,-nan,-nan,0
-3.15324,55.8622,28.5,-nan,-nan,0
-3.15324,55.8623,28.5,-nan,-nan,0
-3.15314,55.8624,28.5,-nan,-nan,0
-3.15314,55.8617,28.5,-nan,-nan,0
-3.15314,55.8618,28.5,-nan,-nan,0
-3.15314,55.8619,28.5,-nan,-nan,0
-3.15314,55.862,28.5,-nan,-nan,0
-3.15314,55.8621,28.5,-nan,-nan,0
-3.15314,55.8622,28.5,-nan,-nan,0
-3.15314,55.8623,28.5,-nan,-nan,0
-3.15304,55.8624,28.5,-nan,-nan,0
-3.15304,55.8617,28.5,-nan,-nan,0
-3.15304,55.8618,28.5,-nan,-nan,0
-3.15304,55.8619,28.5,-nan,-nan,0
-3.15304,55.862,28.5,-nan,-nan,0
-3.15304,55.8621,28.5,-nan,-nan,0
-3.15304,55.8622,28.5,-nan,-nan,0
-3.15304,55.8623,28.5,-nan,-nan,0
-3.15294,55.8624,28.5,-nan,-nan,0
-3.15294,55.8617,28.5,-nan,-nan,0
-3.15294,55.8618,28.5,-nan,-nan,0
-3.15294,55.8619,28.5,-nan,-nan,0
-3.15294,55.862,28.5,-nan,-nan,0
-3.15294,55.8621,28.5,-nan,-nan,0
-3.15294,55.8622,28.5,-nan,-nan,0
-3.15294,55.8623,28.5,-nan,-nan,0
-3.15284,55.8624,28.5,-nan,-nan,0
-3.15284,55.8617,28.5,-nan,-nan,0
-3.15284,55.8618,28.5,-nan,-nan,0
-3.15284,55.8619,28.5,-0.78887,0.614561,0
-3.15284,55.862,28.5,-nan,-nan,0
-3.15284,55.8621,28.5,-nan,-nan,0
-3.15284,55.8622,28.5,-nan,-nan,0
-3.15284,55.8623,28.5,-nan,-nan,0
-3.15274,55.8624,28.5,-nan,-nan,0
-3.15274,55.8617,28.5,-nan,-nan,0
-3.15274,55.8618,28.5,-nan,-nan,0
-3.15274,55.8619,28.5,-0.712843,0.701324,0
-3.15274,55.862,28.5,-nan,-nan,0
-3.15274,55.8621,28.5,-nan,-nan,0
-3.15274,55.8622,28.5,-nan,-nan,0
-3.15274,55.8623,28.5,-nan,-nan,0
-3.15264,55.8624,28.5,-nan,-nan,0
-3.15264,55.8617,28.5,-nan,-nan,0
-3.15264,55.8618,28.5,-nan,-nan,0
-3.15264,55.8619,28.5,-0.545956,0.837814,0
-3.15264,55.862,28.5,-nan,-nan,0
-3.15264,55.8621,28.5,-nan,-nan,0
-3.15264,55.8622,28.5,-nan,-nan,0
-3.15264,55.8623,28.5,-nan,-nan,0
-3.15254,55.8624,28.5,-nan,-nan,0
-3.15254,55.8617,28.5,-nan,-nan,0
-3.15254,55.8618,28.5,-nan,-nan,0
-3.15254,55.8619,28.5,-nan,-nan,0
-3.15254,55.862,28.5,-nan,-nan,0
-3.15254,55.8621,28.5,-nan,-nan,0
-3.15254,55.8622,28.5,-nan,-nan,0
-3.15254,55.8623,28.5,-nan,-nan,0
-3.15244,55.8624,28.5,-nan,-nan,0
-3.15244,55.8617,28.5,-nan,-nan,0
-3.15244,55.8618,28.5,-0.989349,0.145565,0
-3.15244,55.8619,28.5,-nan,-nan,0
-3.15244,55.862,28.5,-nan,-nan,0
-3.15244,55.8621,28.5,-nan,-nan,0
-3.15244,55.8622,28.5,-nan,-nan,0
-3.15244,55.8623,28.5,-nan,-nan,0
-3.15234,55.8624,28.5,-nan,-nan,0
-3.15234,55.8617,28.5,-nan,-nan,0
-3.15234,55.8618,28.5,-0.998167,0.0605259,0
-3.15234,55.8619,28.5,-nan,-nan,0
-3.15234,55.862,28.5,-nan,-nan,0
-3.15234,55.8621,28.5,-nan,-nan,0
-3.15234,55.8622,28.5,-nan,-nan,0
-3.15234,55.8623,28.5,-nan,-nan,0
-3.15224,55.8624,28.5,-nan,-nan,0
-3.15224,55.8617,28.5,-nan,-nan,0
-3.15224,55.8618,28.5,0.999528,-0.030713,0
-3.15224,55.8619,28.5,-nan,-nan,0
-3.15224,55.862,28.5,-nan,-nan,0
-3.15224,55.8621,28.5,-nan,-nan,0
-3.15224,55.8622,28.5,-nan,-nan,0
-3.15224,55.8623,28.5,-nan,-nan,0
-3.15214,55.8624,28.5,-nan,-nan,0
-3.15214,55.8617,28.5,-nan,-nan,0
-3.15214,55.8618,28.5,0.943743,-0.330679,0
-3.15214,55.8619,28.5,-nan,-nan,0
-3.15214,55.862,28.5,-nan,-nan,0
-3.15214,55.8621,28.5,-nan,-nan,0
-3.15214,55.8622,28.5,-nan,-nan,0
-3.15214,55.8623,28.5,-nan,-nan,0
-3.15204,55.8624,28.5,-nan,-nan,0
-3.15204,55.8617,28.5,-nan,-nan,0
-3.15204,55.8618,28.5,-nan,-nan,0
-3.15204,55.8619,28.5,-nan,-nan,0
-3.15204,55.862,28.5,-nan,-nan,0
-3.15204,55.8621,28.5,-nan,-nan,0
-3.15204,55.8622,28.5,-nan,-nan,0
-3.15204,55.8623,28.5,-nan,-nan,0
-3.15194,55.8624,28.5,-nan,-nan,0
-3.15194,55.8617,28.5,-nan,-nan,0
-3.15194,55.8618,28.5,-nan,-nan,0
-3.15194,55.8619,28.5,-nan,-nan,0
-3.15194,55.862,28.5,-nan,-nan,0
-3.15194,55.8621,28.5,-nan,-nan,0
-3.15194,55.8622,28.5,-nan,-nan,0
-3.15194,55.8623,28.5,-nan,-nan,0
-3.15184,55.8624,28.5,-nan,-nan,0
-3.15184,55.8617,28.5,-nan,-nan,0
-3.15184,55.8618,28.5,-nan,-nan,0
-3.15184,55.8619,28.5,-nan,-nan,0
-3.15184,55.862,28.5,-nan,-nan,0
-3.15184,55.8621,28.5,-nan,-nan,0
-3.15184,55.8622,28.5,-nan,-nan,0
-3.15184,55.8623,28.5,-nan,-nan,0
-3.15174,55.8624,28.5,-nan,-nan,0
-3.15174,55.8617,28.5,-nan,-nan,0
-3.15174,55.8618,28.5,-nan,-nan,0
-3.15174,55.8619,28.5,-nan,-nan,0
-3.15174,55.862,28.5,-nan,-nan,0
-3.15174,55.8621,28.5,-nan,-nan,0
-3.15174,55.8622,28.5,-nan,-nan,0
-3.15174,55.8623,28.5,-nan,-nan,0
-3.15164,55.8624,28.5,-nan,-nan,0
-3.15164,55.8617,28.5,-nan,-nan,0
-3.15164,55.8618,28.5,-nan,-nan,0
-3.15164,55.8619,28.5,-nan,-nan,0
-3.15164,55.862,28.5,-nan,-nan,0
-3.15164,55.8621,28.5,-nan,-nan,0
-3.15164,55.8622,28.5,-nan,-nan,0
-3.15164,55.8623,28.5,-nan,-nan,0
-3.15154,55.8624,28.5,-nan,-nan,0
-3.15154,55.8617,28.5,-nan,-nan,0
-3.15154,55.8618,28.5,-nan,-nan,0
-3.15154,55.8619,28.5,-nan,-nan,0
-3.15154,55.862,28.5,-nan,-nan,0
-3.15154,55.8621,28.5,-nan,-nan,0
-3.15154,55.8622,28.5,-nan,-nan,0
-3.15154,55.8623,28.5,-nan,-nan,0
-3.15144,55.8624,31.5,-nan,-nan,0
-3.15144,55.8617,31.5,-nan,-nan,0
-3.15144,55.8618,31.5,-nan,-nan,0
-3.15144,55.8619,31.5,-nan,-nan,0
-3.15144,55.862,31.5,-nan,-nan,0
-3.15144,55.8621,31.5,-nan,-nan,0
-3.15144,55.8622,31.5,-nan,-nan,0
-3.15144,55.8623,31.5,-nan,-nan,0
-3.15334,55.8624,31.5,-nan,-nan,0
-3.15334,55.8617,31.5,-nan,-nan,0
-3.15334,55.8618,31.5,0.54117,-0.840913,0
-3.15334,55.8619,31.5,-nan,-nan,0
-3.15334,55.862,31.5,-nan,-nan,0
-3.15334,55.8621,31.5,-nan,-nan,0
-3.15334,55.8622,31.5,-nan,-nan,0
-3.15334,55.8623,31.5,-nan,-nan,0
-3.15324,55.8624,31.5,-nan,-nan,0
-3.15324,55.8617,31.5,-nan,-nan,0
-3.15324,55.8618,31.5,0.702004,-0.712173,0
-3.15324,55.8619,31.5,-nan,-nan,0
-3.15324,55.862,31.5,-nan,-nan,0
-3.15324,55.8621,31.5,-nan,-nan,0
-3.15324,55.8622,31.5,-nan,-nan,0
-3.15324,55.8623,31.5,-nan,-nan,0
-3.15314,55.8624,31.5,-nan,-nan,0
-3.15314,55.8617,31.5,-nan,-nan,0
-3.15314,55.8618,31.5,-0.807269,-0.590183,0
-3.15314,55.8619,31.5,-nan,-nan,0
-3.15314,55.862,31.5,-nan,-nan,0
-3.15314,55.8621,31.5,-nan,-nan,0
-3.15314,55.8622,31.5,-nan,-nan,0
-3.15314,55.8623,31.5,-nan,-nan,0
-3.15304,55.8624,31.5,-nan,-nan,0
-3.15304,55.8617,31.5,-nan,-nan,0
-3.15304,55.8618,31.5,-0.83905,0.544054,0
-3.15304,55.8619,31.5,-nan,-nan,0
-3.15304,55.862,31.5,-nan,-nan,0
-3.15304,55.8621,31.5,-nan,-nan,0
-3.15304,55.8622,31.5,-nan,-nan,0
-3.15304,55.8623,31.5,-nan,-nan,0
-3.15294,55.8624,31.5,-nan,-nan,0
-3.15294,55.8617,31.5,-nan,-nan,0
-3.15294,55.8618,31.5,-0.853255,0.521494,0
-3.15294,55.8619,31.5,-nan,-nan,0
-3.15294,55.862,31.5,-nan,-nan,0
-3.15294,55.8621,31.5,-nan,-nan,0
-3.15294,55.8622,31.5,-nan,-nan,0
-3.15294,55.8623,31.5,-nan,-nan,0
-3.15284,55.8624,31.5,-nan,-nan,0
-3.15284,55.8617,31.5,-nan,-nan,0
-3.15284,55.8618,31.5,-0.959363,0.282174,0
-3.15284,55.8619,31.5,-nan,-nan,0
-3.15284,55.862,31.5,-nan,-nan,0
-3.15284,55.8621,31.5,-nan,-nan,0
-3.15284,55.8622,31.5,-nan,-nan,0
-3.15284,55.8623,31.5,-nan,-nan,0
-3.15274,55.8624,31.5,-nan,-nan,0
-3.15274,55.8617,31.5,-nan,-nan,0
-3.15274,55.8618,31.5,-0.945859,0.324578,0
-3.15274,55.8619,31.5,-nan,-nan,0
-3.15274,55.862,31.5,-nan,-nan,0
-3.15274,55.8621,31.5,-nan,-nan,0
-3.15274,55.8622,31.5,-nan,-nan,0
-3.15274,55.8623,31.5,-nan,-nan,0
-3.15264,55.8624,31.5,-nan,-nan,0
-3.15264,55.8617,31.5,-nan,-nan,0
-3.15264,55.8618,31.5,-0.975649,0.219336,0
-3.15264,55.8619,31.5,-nan,-nan,0
-3.15264,55.862,31.5,-nan,-nan,0
-3.15264,55.8621,31.5,-nan,-nan,0
-3.15264,55.8622,31.5,-nan,-nan,0
-3.15264,55.8623,31.5,-nan,-nan,0
-3.15254,55.8624,31.5,-nan,-nan,0
-3.15254,55.8617,31.5,-nan,-nan,0
-3.15254,55.8618,31.5,-nan,-nan,0
-3.15254,55.8619,31.5,-nan,-nan,0
-3.15254,55.862,31.5,-nan,-nan,0
-3.15254,55.8621,31.5,-nan,-nan,0
-3.15254,55.8622,31.5,-nan,-nan,0
-3.15254,55.8623,31.5,-nan,-nan,0
-3.15244,55.8624,31.5,-nan,-nan,0
-3.15244,55.8617,31.5,-nan,-nan,0
-3.15244,55.8618,31.5,-nan,-nan,0
-3.15244,55.8619,31.5,-nan,-nan,0
-3.15244,55.862,31.5,-nan,-nan,0
-3.15244,55.8621,31.5,-nan,-nan,0
-3.15244,55.8622,31.5,-nan,-nan,0
-3.15244,55.8623,31.5,-nan,-nan,0
-3.15234,55.8624,31.5,-nan,-nan,0
-3.15234,55.8617,31.5,-nan,-nan,0
-3.15234,55.8618,31.5,-nan,-nan,0
-3.15234,55.8619,31.5,-nan,-nan,0
-3.15234,55.862,31.5,-nan,-nan,0
-3.15234,55.8621,31.5,-nan,-nan,0
-3.15234,55.8622,31.5,-nan,-nan,0
-3.15234,55.8623,31.5,-nan,-nan,0
-3.15224,55.8624,31.5,-nan,-nan,0
-3.15224,55.8617,31.5,-nan,-nan,0
-3.15224,55.8618,31.5,-nan,-nan,0
-3.15224,55.8619,31.5,-nan,-nan,0
-3.15224,55.862,31.5,-nan,-nan,0
-3.15224,55.8621,31.5,-nan,-nan,0
-3.15224,55.8622,31.5,-nan,-nan,0
-3.15224,55.8623,31.5,-nan,-nan,0
-3.15214,55.8624,31.5,-nan,-nan,0
-3.15214,55.8617,31.5,-nan,-nan,0
-3.15214,55.8618,31.5,-nan,-nan,0
-3.15214,55.8619,31.5,-nan,-nan,0
-3.15214,55.862,31.5,-nan,-nan,0
-3.15214,55.8621,31.5,-nan,-nan,0
-3.15214,55.8622,31.5,-nan,-nan,0
-3.15214,55.8623,31.5,-nan,-nan,0
-3.15204,55.8624,31.5,-nan,-nan,0
-3.15204,55.8617,31.5,-nan,-nan,0
-3.15204,55.8618,31.5,0.780867,-0.624698,0
-3.15204,55.8619,31.5,-nan,-nan,0
-3.15204,55.862,31.5,-nan,-nan,0
-3.15204,55.8621,31.5,-nan,-nan,0
-3.15204,55.8622,31.5,-nan,-nan,0
-3.15204,55.8623,31.5,-nan,-nan,0
-3.15194,55.8624,31.5,-nan,-nan,0
-3.15194,55.8617,31.5,-nan,-nan,0
-3.15194,55.8618,31.5,-nan,-nan,0
-3.15194,55.8619,31.5,-nan,-nan,0
-3.15194,55.862,31.5,-nan,-nan,0
-3.15194,55.8621,31.5,-nan,-nan,0
-3.15194,55.8622,31.5,-nan,-nan,0
-3.15194,55.8623,31.5,-nan,-nan,0
-3.15184,55.8624,31.5,-nan,-nan,0
-3.15184,55.8617,31.5,-nan,-nan,0
-3.15184,55.8618,31.5,-nan,-nan,0
-3.15184,55.8619,31.5,-nan,-nan,0
-3.15184,55.862,31.5,-nan,-nan,0
-3.15184,55.8621,31.5,-nan,-nan,0
-3.15184,55.8622,31.5,-nan,-nan,0
-3.15184,55.8623,31.5,-nan,-nan,0
-3.15174,55.8624,31.5,-nan,-nan,0
-3.15174,55.8617,31.5,-nan,-nan,0
-3.15174,55.8618,31.5,-nan,-nan,0
-3.15174,55.8619,31.5,-nan,-nan,0
-3.15174,55.862,31.5,-nan,-nan,0
-3.15174,55.8621,31.5,-nan,-nan,0
-3.15174,55.8622,31.5,-nan,-nan,0
-3.15174,55.8623,31.5,-nan,-nan,0
-3.15164,55.8624,31.5,-nan,-nan,0
-3.15164,55.8617,31.5,-nan,-nan,0
-3.15164,55.8618,31.5,-nan,-nan,0
-3.15164,55.8619,31.5,-nan,-nan,0
-3.15164,55.862,31.5,-nan,-nan,0
-3.15164,55.8621,31.5,-nan,-nan,0
-3.15164,55.8622,31.5,-nan,-nan,0
-3.15164,55.8623,31.5,-nan,-nan,0
-3.15154,55.8624,31.5,-nan,-nan,0
-3.15154,55.8617,31.5,-nan,-nan,0
-3.15154,55.8618,31.5,-nan,-nan,0
-3.15154,55.8619,31.5,-nan,-nan,0
-3.15154,55.862,31.5,-nan,-nan,0
-3.15154,55.8621,31.5,-nan,-nan,0
-3.15154,55.8622,31.5,-nan,-nan,0
-3.15154,55.8623,31.5,-nan,-nan,0
-3.15144,55.8624,34.5,-nan,-nan,0
-3.15144,55.8617,34.5,-nan,-nan,0
-3.15144,55.8618,34.5,-nan,-nan,0
-3.15144,55.8619,34.5,-nan,-nan,0
-3.15144,55.862,34.5,-nan,-nan,0
-3.15144,55.8621,34.5,-nan,-nan,0
-3.15144,55.8622,34.5,-nan,-nan,0
-3.15144,55.8623,34.5,-nan,-nan,0
-3.15334,55.8624,34.5,-nan,-nan,0
-3.15334,55.8617,34.5,-nan,-nan,0
-3.15334,55.8618,34.5,-nan,-nan,0
-3.15334,55.8619,34.5,-nan,-nan,0
-3.15334,55.862,34.5,-nan,-nan,0
-3.15334,55.8621,34.5,-nan,-nan,0
-3.15334,55.8622,34.5,-nan,-nan,0
-3.15334,55.8623,34.5,-nan,-nan,0
-3.15324,55.8624,34.5,-nan,-nan,0
-3.15324,55.8617,34.5,-nan,-nan,0
-3.15324,55.8618,34.5,0.592997,-0.805204,0
-3.15324,55.8619,34.5,-nan,-nan,0
-3.15324,55.862,34.5,-nan,-nan,0
-3.15324,55.8621,34.5,-nan,-nan,0
-3.15324,55.8622,34.5,-nan,-nan,0
-3.15324,55.8623,34.5,-nan,-nan,0
-3.15314,55.8624,34.5,-nan,-nan,0
-3.15314,55.8617,34.5,-nan,-nan,0
-3.15314,55.8618,34.5,-0.645724,-0.763571,0
-3.15314,55.8619,34.5,-nan,-nan,0
-3.15314,55.862,34.5,-nan,-nan,0
-3.15314,55.8621,34.5,-nan,-nan,0
-3.15314,55.8622,34.5,-nan,-nan,0
-3.15314,55.8623,34.5,-nan,-nan,0
-3.15304,55.8624,34.5,-nan,-nan,0
-3.15304,55.8617,34.5,-nan,-nan,0
-3.15304,55.8618,34.5,-nan,-nan,0
-3.15304,55.8619,34.5,-nan,-nan,0
-3.15304,55.862,34.5,-nan,-nan,0
-3.15304,55.8621,34.5,-nan,-nan,0
-3.15304,55.8622,34.5,-nan,-nan,0
-3.15304,55.8623,34.5,-nan,-nan,0
-3.15294,55.8624,34.5,-nan,-nan,0
-3.15294,55.8617,34.5,-nan,-nan,0
-3.15294,55.8618,34.5,-nan,-nan,0
-3.15294,55.8619,34.5,-nan,-nan,0
-3.15294,55.862,34.5,-nan,-nan,0
-3.15294,55.8621,34.5,-nan,-nan,0
-3.15294,55.8622,34.5,-nan,-nan,0
-3.15294,55.8623,34.5,-nan,-nan,0
-3.15284,55.8624,34.5,-nan,-nan,0
-3.15284,55.8617,34.5,-nan,-nan,0
-3.15284,55.8618,34.5,-nan,-nan,0
-3.15284,55.8619,34.5,-nan,-nan,0
-3.15284,55.862,34.5,-nan,-nan,0
-3.15284,55.8621,34.5,-nan,-nan,0
-3.15284,55.8622,34.5,-nan,-nan,0
-3.15284,55.8623,34.5,-nan,-nan,0
-3.15274,55.8624,34.5,-nan,-nan,0
-3.15274,55.8617,34.5,-nan,-nan,0
-3.15274,55.8618,34.5,-nan,-nan,0
-3.15274,55.8619,34.5,-nan,-nan,0
-3.15274,55.862,34.5,-nan,-nan,0
-3.15274,55.8621,34.5,-nan,-nan,0
-3.15274,55.8622,34.5,-nan,-nan,0
-3.15274,55.8623,34.5,-nan,-nan,0
-3.15264,55.8624,34.5,-nan,-nan,0
-3.15264,55.8617,34.5,-nan,-nan,0
-3.15264,55.8618,34.5,-nan,-nan,0
-3.15264,55.8619,34.5,-nan,-nan,0
-3.15264,55.862,34.5,-nan,-nan,0
-3.15264,55.8621,34.5,-nan,-nan,0
-3.15264,55.8622,34.5,-nan,-nan,0
-3.15264,55.8623,34.5,-nan,-nan,0
-3.15254,55.8624,34.5,-nan,-nan,0
-3.15254,55.8617,34.5,-nan,-nan,0
-3.15254,55.8618,34.5,-nan,-nan,0
-3.15254,55.8619,34.5,-nan,-nan,0
-3.15254,55.862,34.5,-nan,-nan,0
-3.15254,55.8621,34.5,-nan,-nan,0
-3.15254,55.8622,34.5,-nan,-nan,0
-3.15254,55.8623,34.5,-nan,-nan,0
-3.15244,55.8624,34.5,-nan,-nan,0
-3.15244,55.8617,34.5,-nan,-nan,0
-3.15244,55.8618,34.5,-nan,-nan,0
-3.15244,55.8619,34.5,-nan,-nan,0
-3.15244,55.862,34.5,-nan,-nan,0
-3.15244,55.8621,34.5,-nan,-nan,0
-3.15244,55.8622,34.5,-nan,-nan,0
-3.15244,55.8623,34.5,-nan,-nan,0
-3.15234,55.8624,34.5,-nan,-nan,0
-3.15234,55.8617,34.5,-nan,-nan,0
-3.15234,55.8618,34.5,-nan,-nan,0
-3.15234,55.8619,34.5,-nan,-nan,0
-3.15234,55.862,34.5,-nan,-nan,0
-3.15234,55.8621,34.5,-nan,-nan,0
-3.15234,55.8622,34.5,-nan,-nan,0
-3.15234,55.8623,34.5,-nan,-nan,0
-3.15224,55.8624,34.5,-nan,-nan,0
-3.15224,55.8617,34.5,-nan,-nan,0
-3.15224,55.8618,34.5,-nan,-nan,0
-3.15224,55.8619,34.5,-nan,-nan,0
-3.15224,55.862,34.5,-nan,-nan,0
-3.15224,55.8621,34.5,-nan,-nan,0
-3.15224,55.8622,34.5,-nan,-nan,0
-3.15224,55.8623,34.5,-nan,-nan,0
-3.15214,55.8624,34.5,-nan,-nan,0
-3.15214,55.8617,34.5,-nan,-nan,0
-3.15214,55.8618,34.5,-nan,-nan,0
-3.15214,55.8619,34.5,-nan,-nan,0
-3.15214,55.862,34.5,-nan,-nan,0
-3.15214,55.8621,34.5,-nan,-nan,0
-3.15214,55.8622,34.5,-nan,-nan,0
-3.15214,55.8623,34.5,-nan,-nan,0
-3.15204,55.8624,34.5,-nan,-nan,0
-3.15204,55.8617,34.5,-nan,-nan,0
-3.15204,55.8618,34.5,-nan,-nan,0
-3.15204,55.8619,34.5,-nan,-nan,0
-3.15204,55.862,34.5,-nan,-nan,0
-3.15204,55.8621,34.5,-nan,-nan,0
-3.15204,55.8622,34.5,-nan,-nan,0
-3.15204,55.8623,34.5,-nan,-nan,0
-3.15194,55.8624,34.5,-nan,-nan,0
-3.15194,55.8617,34.5,-nan,-nan,0
-3.15194,55.8618,34.5,-0.636527,-0.771254,0
-3.15194,55.8619,34.5,-nan,-nan,0
-3.15194,55.862,34.5,-nan,-nan,0
-3.15194,55.8621,34.5,-nan,-nan,0
-3.15194,55.8622,34.5,-nan,-nan,0
-3.15194,55.8623,34.5,-nan,-nan,0
-3.15184,55.8624,34.5,-nan,-nan,0
-3.15184,55.8617,34.5,-nan,-nan,0
-3.15184,55.8618,34.5,-nan,-nan,0
-3.15184,55.8619,34.5,-nan,-nan,0
-3.15184,55.862,34.5,-nan,-nan,0
-3.15184,55.8621,34.5,-nan,-nan,0
-3.15184,55.8622,34.5,-nan,-nan,0
-3.15184,55.8623,34.5,-nan,-nan,0
-3.15174,55.8624,34.5,-nan,-nan,0
-3.15174,55.8617,34.5,-nan,-nan,0
-3.15174,55.8618,34.5,-nan,-nan,0
-3.15174,55.8619,34.5,-nan,-nan,0
-3.15174,55.862,34.5,-nan,-nan,0
-3.15174,55.8621,34.5,-nan,-nan,0
-3.15174,55.8622,34.5,-nan,-nan,0
-3.15174,55.8623,34.5,-nan,-nan,0
-3.15164,55.8624,34.5,-nan,-nan,0
-3.15164,55.8617,34.5,-nan,-nan,0
-3.15164,55.8618,34.5,-nan,-nan,0
-3.15164,55.8619,34.5,-nan,-nan,0
-3.15164,55.862,34.5,-nan,-nan,0
-3.15164,55.8621,34.5,-nan,-nan,0
-3.15164,55.8622,34.5,-nan,-nan,0
-3.15164,55.8623,34.5,-nan,-nan,0
-3.15154,55.8624,34.5,-nan,-nan,0
-3.15154,55.8617,34.5,-nan,-nan,0
-3.15154,55.8618,34.5,-nan,-nan,0
-3.15154,55.8619,34.5,-nan,-nan,0
-3.15154,55.862,34.5,-nan,-nan,0
-3.15154,55.8621,34.5,-nan,-nan,0
-3.15154,55.8622,34.5,-nan,-nan,0
-3.15154,55.8623,34.5,-nan,-nan,0
-3.15144,55.8624,37.5,-nan,-nan,0
-3.15144,55.8617,37.5,-nan,-nan,0
-3.15144,55.8618,37.5,-nan,-nan,0
-3.15144,55.8619,37.5,-nan,-nan,0
-3.15144,55.862,37.5,-nan,-nan,0
-3.15144,55.8621,37.5,-nan,-nan,0
-3.15144,55.8622,37.5,-nan,-nan,0
-3.15144,55.8623,37.5,-nan,-nan,0
-3.15334,55.8624,37.5,-nan,-nan,0
-3.15334,55.8617,37.5,0.973559,-0.228436,0
-3.15334,55.8618,37.5,-nan,-nan,0
-3.15334,55.8619,37.5,-nan,-nan,0
-3.15334,55.862,37.5,-nan,-nan,0
-3.15334,55.8621,37.5,-nan,-nan,0
-3.15334,55.8622,37.5,-nan,-nan,0
-3.15334,55.8623,37.5,-nan,-nan,0
-3.15324,55.8624,37.5,-nan,-nan,0
-3.15324,55.8617,37.5,-nan,-nan,0
-3.15324,55.8618,37.5,-nan,-nan,0
-3.15324,55.8619,37.5,-nan,-nan,0
-3.15324,55.862,37.5,-nan,-nan,0
-3.15324,55.8621,37.5,-nan,-nan,0
-3.15324,55.8622,37.5,-nan,-nan,0
-3.15324,55.8623,37.5,-nan,-nan,0
-3.15314,55.8624,37.5,-nan,-nan,0
-3.15314,55.8617,37.5,0.956966,-0.290201,0
-3.15314,55.8618,37.5,-nan,-nan,0
-3.15314,55.8619,37.5,-nan,-nan,0
-3.15314,55.862,37.5,-nan,-nan,0
-3.15314,55.8621,37.5,-nan,-nan,0
-3.15314,55.8622,37.5,-nan,-nan,0
-3.15314,55.8623,37.5,-nan,-nan,0
-3.15304,55.8624,37.5,-nan,-nan,0
-3.15304,55.8617,37.5,0.911977,-0.410241,0
-3.15304,55.8618,37.5,-nan,-nan,0
-3.15304,55.8619,37.5,-nan,-nan,0
-3.15304,55.862,37.5,-nan,-nan,0
-3.15304,55.8621,37.5,-nan,-nan,0
-3.15304,55.8622,37.5,-nan,-nan,0
-3.15304,55.8623,37.5,-nan,-nan,0
-3.15294,55.8624,37.5,-nan,-nan,0
-3.15294,55.8617,37.5,-nan,-nan,0
-3.15294,55.8618,37.5,-nan,-nan,0
-3.15294,55.8619,37.5,-nan,-nan,0
-3.15294,55.862,37.5,-nan,-nan,0
-3.15294,55.8621,37.5,-nan,-nan,0
-3.15294,55.8622,37.5,-nan,-nan,0
-3.15294,55.8623,37.5,-nan,-nan,0
-3.15284,55.8624,37.5,-nan,-nan,0
-3.15284,55.8617,37.5,-nan,-nan,0
-3.15284,55.8618,37.5,-nan,-nan,0
-3.15284,55.8619,37.5,-nan,-nan,0
-3.15284,55.862,37.5,-nan,-nan,0
-3.15284,55.8621,37.5,-nan,-nan,0
-3.15284,55.8622,37.5,-nan,-nan,0
-3.15284,55.8623,37.5,-nan,-nan,0
-3.15274,55.8624,37.5,-nan,-nan,0
-3.15274,55.8617,37.5,-nan,-nan,0
-3.15274,55.8618,37.5,-nan,-nan,0
-3.15274,55.8619,37.5,-nan,-nan,0
-3.15274,55.862,37.5,-nan,-nan,0
-3.15274,55.8621,37.5,-nan,-nan,0
-3.15274,55.8622,37.5,-nan,-nan,0
-3.15274,55.8623,37.5,-nan,-nan,0
-3.15264,55.8624,37.5,-nan,-nan,0
-3.15264,55.8617,37.5,-nan,-nan,0
-3.15264,55.8618,37.5,-nan,-nan,0
-3.15264,55.8619,37.5,-nan,-nan,0
-3.15264,55.862,37.5,-nan,-nan,0
-3.15264,55.8621,37.5,-nan,-nan,0
-3.15264,55.8622,37.5,-nan,-nan,0
-3.15264,55.8623,37.5,-nan,-nan,0
-3.15254,55.8624,37.5,-nan,-nan,0
-3.15254,55.8617,37.5,-nan,-nan,0
-3.15254,55.8618,37.5,-nan,-nan,0
-3.15254,55.8619,37.5,-nan,-nan,0
-3.15254,55.862,37.5,-nan,-nan,0
-3.15254,55.8621,37.5,-nan,-nan,0
-3.15254,55.8622,37.5,-nan,-nan,0
-3.15254,55.8623,37.5,-nan,-nan,0
-3.15244,55.8624,37.5,-nan,-nan,0
-3.15244,55.8617,37.5,-nan,-nan,0
-3.15244,55.8618,37.5,-nan,-nan,0
-3.15244,55.8619,37.5,-nan,-nan,0
-3.15244,55.862,37.5,-nan,-nan,0
-3.15244,55.8621,37.5,-nan,-nan,0
-3.15244,55.8622,37.5,-nan,-nan,0
-3.15244,55.8623,37.5,-nan,-nan,0
-3.15234,55.8624,37.5,-nan,-nan,0
-3.15234,55.8617,37.5,-nan,-nan,0
-3.15234,55.8618,37.5,-nan,-nan,0
-3.15234,55.8619,37.5,-nan,-nan,0
-3.15234,55.862,37.5,-nan,-nan,0
-3.15234,55.8621,37.5,-nan,-nan,0
-3.15234,55.8622,37.5,-nan,-nan,0
-3.15234,55.8623,37.5,-nan,-nan,0
-3.15224,55.8624,37.5,-nan,-nan,0
-3.15224,55.8617,37.5,-nan,-nan,0
-3.15224,55.8618,37.5,-nan,-nan,0
-3.15224,55.8619,37.5,-nan,-nan,0
-3.15224,55.862,37.5,-nan,-nan,0
-3.15224,55.8621,37.5,-nan,-nan,0
-3.15224,55.8622,37.5,-nan,-nan,0
-3.15224,55.8623,37.5,-nan,-nan,0
-3.15214,55.8624,37.5,-nan,-nan,0
-3.15214,55.8617,37.5,-nan,-nan,0
-3.15214,55.8618,37.5,-nan,-nan,0
-3.15214,55.8619,37.5,-nan,-nan,0
-3.15214,55.862,37.5,-nan,-nan,0
-3.15214,55.8621,37.5,-nan,-nan,0
-3.15214,55.8622,37.5,-nan,-nan,0
-3.15214,55.8623,37.5,-nan,-nan,0
-3.15204,55.8624,37.5,-nan,-nan,0
-3.15204,55.8617,37.5,-nan,-nan,0
-3.15204,55.8618,37.5,-nan,-nan,0
-3.15204,55.8619,37.5,-nan,-nan,0
-3.15204,55.862,37.5,-nan,-nan,0
-3.15204,55.8621,37.5,-nan,-nan,0
-3.15204,55.8622,37.5,-nan,-nan,0
-3.15204,55.8623,37.5,-nan,-nan,0
-3.15194,55.8624,37.5,-nan,-nan,0
-3.15194,55.8617,37.5,-nan,-nan,0
-3.15194,55.8618,37.5,-nan,-nan,0
-3.15194,55.8619,37.5,-nan,-nan,0
-3.15194,55.862,37.5,-nan,-nan,0
-3.15194,55.8621,37.5,-nan,-nan,0
-3.15194,55.8622,37.5,-nan,-nan,0
-3.15194,55.8623,37.5,-nan,-nan,0
-3.15184,55.8624,37.5,-nan,-nan,0
-3.15184,55.8617,37.5,-nan,-nan,0
-3.15184,55.8618,37.5,-0.101403,0.994845,0
-3.15184,55.8619,37.5,-nan,-nan,0
-3.15184,55.862,37.5,-nan,-nan,0
-3.15184,55.8621,37.5,-nan,-nan,0
-3.15184,55.8622,37.5,-nan,-nan,0
-3.15184,55.8623,37.5,-nan,-nan,0
-3.15174,55.8624,37.5,-nan,-nan,0
-3.15174,55.8617,37.5,-nan,-nan,0
-3.15174,55.8618,37.5,0.925942,-0.377665,0
-3.15174,55.8619,37.5,-nan,-nan,0
-3.15174,55.862,37.5,-nan,-nan,0
-3.15174,55.8621,37.5,-nan,-nan,0
-3.15174,55.8622,37.5,-nan,-nan,0
-3.15174,55.8623,37.5,-nan,-nan,0
-3.15164,55.8624,37.5,-nan,-nan,0
-3.15164,55.8617,37.5,-nan,-nan,0
-3.15164,55.8618,37.5,-nan,-nan,0
-3.15164,55.8619,37.5,-nan,-nan,0
-3.15164,55.862,37.5,-nan,-nan,0
-3.15164,55.8621,37.5,-nan,-nan,0
-3.15164,55.8622,37.5,-nan,-nan,0
-3.15164,55.8623,37.5,-nan,-nan,0
-3.15154,55.8624,37.5,-nan,-nan,0
-3.15154,55.8617,37.5,-nan,-nan,0
-3.15154,55.8618,37.5,0.290488,0.956879,0
-3.15154,55.8619,37.5,-nan,-nan,0
-3.15154,55.862,37.5,-nan,-nan,0
-3.15154,55.8621,37.5,-nan,-nan,0
-3.15154,55.8622,37.5,-nan,-nan,0
-3.15154,55.8623,37.5,-nan,-nan,0
-3.15144,55.8624,40.5,-nan,-nan,0
-3.15144,55.8617,40.5,-nan,-nan,0
-3.15144,55.8618,40.5,-nan,-nan,0
-3.15144,55.8619,40.5,-nan,-nan,0
-3.15144,55.862,40.5,-nan,-nan,0
-3.15144,55.8621,40.5,-nan,-nan,0
-3.15144,55.8622,40.5,-nan,-nan,0
-3.15144,55.8623,40.5,-nan,-nan,0
-3.15334,55.8624,40.5,-nan,-nan,0
-3.15334,55.8617,40.5,-nan,-nan,0
-3.15334,55.8618,40.5,-nan,-nan,0
-3.15334,55.8619,40.5,-nan,-nan,0
-3.15334,55.862,40.5,-nan,-nan,0
-3.15334,55.8621,40.5,-nan,-nan,0
-3.15334,55.8622,40.5,-nan,-nan,0
-3.15334,55.8623,40.5,-nan,-nan,0
-3.15324,55.8624,40.5,-nan,-nan,0
-3.15324,55.8617,40.5,0.989761,-0.142732,0
-3.15324,55.8618,40.5,-nan,-nan,0
-3.15324,55.8619,40.5,-nan,-nan,0
-3.15324,55.862,40.5,-nan,-nan,0
-3.15324,55.8621,40.5,-nan,-nan,0
-3.15324,55.8622,40.5,-nan,-nan,0
-3.15324,55.8623,40.5,-nan,-nan,0
-3.15314,55.8624,40.5,-nan,-nan,0
-3.15314,55.8617,40.5,0.960391,-0.278656,0
-3.15314,55.8618,40.5,-nan,-nan,0
-3.15314,55.8619,40.5,-nan,-nan,0
-3.15314,55.862,40.5,-nan,-nan,0
-3.15314,55.8621,40.5,-nan,-nan,0
-3.15314,55.8622,40.5,-nan,-nan,0
-3.15314,55.8623,40.5,-nan,-nan,0
-3.15304,55.8624,40.5,-nan,-nan,0
-3.15304,55.8617,40.5,-nan,-nan,0
-3.15304,55.8618,40.5,-nan,-nan,0
-3.15304,55.8619,40.5,-nan,-nan,0
-3.15304,55.862,40.5,-nan,-nan,0
-3.15304,55.8621,40.5,-nan,-nan,0
-3.15304,55.8622,40.5,-nan,-nan,0
-3.15304,55.8623,40.5,-nan,-nan,0
-3.15294,55.8624,40.5,-nan,-nan,0
-3.15294,55.8617,40.5,-nan,-nan,0
-3.15294,55.8618,40.5,-nan,-nan,0
-3.15294,55.8619,40.5,-nan,-nan,0
-3.15294,55.862,40.5,-nan,-nan,0
-3.15294,55.8621,40.5,-nan,-nan,0
-3.15294,55.8622,40.5,-nan,-nan,0
-3.15294,55.8623,40.5,-nan,-nan,0
-3.15284,55.8624,40.5,-nan,-nan,0
-3.15284,55.8617,40.5,-nan,-nan,0
-3.15284,55.8618,40.5,-nan,-nan,0
-3.15284,55.8619,40.5,-nan,-nan,0
-3.15284,55.862,40.5,-nan,-nan,0
-3.15284,55.8621,40.5,-nan,-nan,0
-3.15284,55.8622,40.5,-nan,-nan,0
-3.15284,55.8623,40.5,-nan,-nan,0
-3.15274,55.8624,40.5,-nan,-nan,0
-3.15274,55.8617,40.5,-nan,-nan,0
-3.15274,55.8618,40.5,-nan,-nan,0
-3.15274,55.8619,40.5,-nan,-nan,0
-3.15274,55.862,40.5,-nan,-nan,0
-3.15274,55.8621,40.5,-nan,-nan,0
-3.15274,55.8622,40.5,-nan,-nan,0
-3.15274,55.8623,40.5,-nan,-nan,0
-3.15264,55.8624,40.5,-nan,-nan,0
-3.15264,55.8617,40.5,-nan,-nan,0
-3.15264,55.8618,40.5,-nan,-nan,0
-3.15264,55.8619,40.5,-nan,-nan,0
-3.15264,55.862,40.5,-nan,-nan,0
-3.15264,55.8621,40.5,-nan,-nan,0
-3.15264,55.8622,40.5,-nan,-nan,0
-3.15264,55.8623,40.5,-nan,-nan,0
-3.15254,55.8624,40.5,-nan,-nan,0
-3.15254,55.8617,40.5,-nan,-nan,0
-3.15254,55.8618,40.5,-nan,-nan,0
-3.15254,55.8619,40.5,-nan,-nan,0
-3.15254,55.862,40.5,-nan,-nan,0
-3.15254,55.8621,40.5,-nan,-nan,0
-3.15254,55.8622,40.5,-nan,-nan,0
-3.15254,55.8623,40.5,-nan,-nan,0
-3.15244,55.8624,40.5,-nan,-nan,0
-3.15244,55.8617,40.5,-nan,-nan,0
-3.15244,55.8618,40.5,-nan,-nan,0
-3.15244,55.8619,40.5,-nan,-nan,0
-3.15244,55.862,40.5,-nan,-nan,0
-3.15244,55.8621,40.5,-nan,-nan,0
-3.15244,55.8622,40.5,-nan,-nan,0
-3.15244,55.8623,40.5,-nan,-nan,0
-3.15234,55.8624,40.5,-nan,-nan,0
-3.15234,55.8617,40.5,-nan,-nan,0
-3.15234,55.8618,40.5,-nan,-nan,0
-3.15234,55.8619,40.5,-nan,-nan,0
-3.15234,55.862,40.5,-nan,-nan,0
-3.15234,55.8621,40.5,-nan,-nan,0
-3.15234,55.8622,40.5,-nan,-nan,0
-3.15234,55.8623,40.5,-nan,-nan,0
-3.15224,55.8624,40.5,-nan,-nan,0
-3.15224,55.8617,40.5,-nan,-nan,0
-3.15224,55.8618,40.5,-nan,-nan,0
-3.15224,55.8619,40.5,-nan,-nan,0
-3.15224,55.862,40.5,-nan,-nan,0
-3.15224,55.8621,40.5,-nan,-nan,0
-3.15224,55.8622,40.5,-nan,-nan,0
-3.15224,55.8623,40.5,-nan,-nan,0
-3.15214,55.8624,40.5,-nan,-nan,0
-3.15214,55.8617,40.5,-nan,-nan,0
-3.15214,55.8618,40.5,-nan,-nan,0
-3.15214,55.8619,40.5,-nan,-nan,0
-3.15214,55.862,40.5,-nan,-nan,0
-3.15214,55.8621,40.5,-nan,-nan,0
-3.15214,55.8622,40.5,-nan,-nan,0
-3.15214,55.8623,40.5,-nan,-nan,0
-3.15204,55.8624,40.5,-nan,-nan,0
-3.15204,55.8617,40.5,-nan,-nan,0
-3.15204,55.8618,40.5,-nan,-nan,0
-3.15204,55.8619,40.5,-nan,-nan,0
-3.15204,55.862,40.5,-nan,-nan,0
-3.15204,55.8621,40.5,-nan,-nan,0
-3.15204,55.8622,40.5,-nan,-nan,0
-3.15204,55.8623,40.5,-nan,-nan,0
-3.15194,55.8624,40.5,-nan,-nan,0
-3.15194,55.8617,40.5,-nan,-nan,0
-3.15194,55.8618,40.5,-nan,-nan,0
-3.15194,55.8619,40.5,-nan,-nan,0
-3.15194,55.862,40.5,-nan,-nan,0
-3.15194,55.8621,40.5,-nan,-nan,0
-3.15194,55.8622,40.5,-nan,-nan,0
-3.15194,55.8623,40.5,-nan,-nan,0
-3.15184,55.8624,40.5,-nan,-nan,0
-3.15184,55.8617,40.5,-nan,-nan,0
-3.15184,55.8618,40.5,-nan,-nan,0
-3.15184,55.8619,40.5,-nan,-nan,0
-3.15184,55.862,40.5,-nan,-nan,0
-3.15184,55.8621,40.5,-nan,-nan,0
-3.15184,55.8622,40.5,-nan,-nan,0
-3.15184,55.8623,40.5,-nan,-nan,0
-3.15174,55.8624,40.5,-nan,-nan,0
-3.15174,55.8617,40.5,-nan,-nan,0
-3.15174,55.8618,40.5,0.304218,0.952603,0
-3.15174,55.8619,40.5,-nan,-nan,0
-3.15174,55.862,40.5,-nan,-nan,0
-3.15174,55.8621,40.5,-nan,-nan,0
-3.15174,55.8622,40.5,-nan,-nan,0
-3.15174,55.8623,40.5,-nan,-nan,0
-3.15164,55.8624,40.5,-nan,-nan,0
-3.15164,55.8617,40.5,-nan,-nan,0
-3.15164,55.8618,40.5,-0.93907,-0.343725,0
-3.15164,55.8619,40.5,-nan,-nan,0
-3.15164,55.862,40.5,-nan,-nan,0
-3.15164,55.8621,40.5,-nan,-nan,0
-3.15164,55.8622,40.5,-nan,-nan,0
-3.15164,55.8623,40.5,-nan,-nan,0
-3.15154,55.8624,40.5,-nan,-nan,0
-3.15154,55.8617,40.5,-nan,-nan,0
-3.15154,55.8618,40.5,0.270978,0.962585,0
-3.15154,55.8619,40.5,-nan,-nan,0
-3.15154,55.862,40.5,-nan,-nan,0
-3.15154,55.8621,40.5,-nan,-nan,0
-3.15154,55.8622,40.5,-nan,-nan,0
-3.15154,55.8623,40.5,-nan,-nan,0
-3.15144,55.8624,43.5,-nan,-nan,0
-3.15144,55.8617,43.5,-nan,-nan,0
-3.15144,55.8618,43.5,-nan,-nan,0
-3.15144,55.8619,43.5,-nan,-nan,0
-3.15144,55.862,43.5,-nan,-nan,0
-3.15144,55.8621,43.5,-nan,-nan,0
-3.15144,55.8622,43.5,-nan,-nan,0
-3.15144,55.8623,43.5,-nan,-nan,0
-3.15334,55.8624,43.5,-nan,-nan,0
-3.15334,55.8617,43.5,-nan,-nan,0
-3.15334,55.8618,43.5,-nan,-nan,0
-3.15334,55.8619,43.5,-nan,-nan,0
-3.15334,55.862,43.5,-nan,-nan,0
-3.15334,55.8621,43.5,-nan,-nan,0
-3.15334,55.8622,43.5,-nan,-nan,0
-3.15334,55.8623,43.5,-nan,-nan,0
-3.15324,55.8624,43.5,-nan,-nan,0
-3.15324,55.8617,43.5,-nan,-nan,0
-3.15324,55.8618,43.5,-nan,-nan,0
-3.15324,55.8619,43.5,-nan,-nan,0
-3.15324,55.862,43.5,-nan,-nan,0
-3.15324,55.8621,43.5,-nan,-nan,0
-3.15324,55.8622,43.5,-nan,-nan,0
-3.15324,55.8623,43.5,-nan,-nan,0
-3.15314,55.8624,43.5,-nan,-nan,0
-3.15314,55.8617,43.5,-nan,-nan,0
-3.15314,55.8618,43.5,-nan,-nan,0
-3.15314,55.8619,43.5,-nan,-nan,0
-3.15314,55.862,43.5,-nan,-nan,0
-3.15314,55.8621,43.5,-nan,-nan,0
-3.15314,55.8622,43.5,-nan,-nan,0
-3.15314,55.8623,43.5,-nan,-nan,0
-3.15304,55.8624,43.5,-nan,-nan,0
-3.15304,55.8617,43.5,-nan,-nan,0
-3.15304,55.8618,43.5,-nan,-nan,0
-3.15304,55.8619,43.5,-nan,-nan,0
-3.15304,55.862,43.5,-nan,-nan,0
-3.15304,55.8621,43.5,-nan,-nan,0
-3.15304,55.8622,43.5,-nan,-nan,0
-3.15304,55.8623,43.5,-nan,-nan,0
-3.15294,55.8624,43.5,-nan,-nan,0
-3.15294,55.8617,43.5,-nan,-nan,0
-3.15294,55.8618,43.5,-nan,-nan,0
-3.15294,55.8619,43.5,-nan,-nan,0
-3.15294,55.862,43.5,-nan,-nan,0
-3.15294,55.8621,43.5,-nan,-nan,0
-3.15294,55.8622,43.5,-nan,-nan,0
-3.15294,55.8623,43.5,-nan,-nan,0
-3.15284,55.8624,43.5,-nan,-nan,0
-3.15284,55.8617,43.5,-nan,-nan,0
-3.15284,55.8618,43.5,-nan,-nan,0
-3.15284,55.8619,43.5,-nan,-nan,0
-3.15284,55.862,43.5,-nan,-nan,0
-3.15284,55.8621,43.5,-nan,-nan,0
-3.15284,55.8622,43.5,-nan,-nan,0
-3.15284,55.8623,43.5,-nan,-nan,0
-3.15274,55.8624,43.5,-nan,-nan,0
-3.15274,55.8617,43.5,-nan,-nan,0
-3.15274,55.8618,43.5,-nan,-nan,0
-3.15274,55.8619,43.5,-nan,-nan,0
-3.15274,55.862,43.5,-nan,-nan,0
-3.15274,55.8621,43.5,-nan,-nan,0
-3.15274,55.8622,43.5,-nan,-nan,0
-3.15274,55.8623,43.5,-nan,-nan,0
-3.15264,55.8624,43.5,-nan,-nan,0
-3.15264,55.8617,43.5,-nan,-nan,0
-3.15264,55.8618,43.5,-nan,-nan,0
-3.15264,55.8619,43.5,-nan,-nan,0
-3.15264,55.862,43.5,-nan,-nan,0
-3.15264,55.8621,43.5,-nan,-nan,0
-3.15264,55.8622,43.5,-nan,-nan,0
-3.15264,55.8623,43.5,-nan,-nan,0
-3.15254,55.8624,43.5,-nan,-nan,0
-3.15254,55.8617,43.5,-nan,-nan,0
-3.15254,55.8618,43.5,-nan,-nan,0
-3.15254,55.8619,43.5,-nan,-nan,0
-3.15254,55.862,43.5,-nan,-nan,0
-3.15254,55.8621,43.5,-nan,-nan,0
-3.15254,55.8622,43.5,-nan,-nan,0
-3.15254,55.8623,43.5,-nan,-nan,0
-3.15244,55.8624,43.5,-nan,-nan,0
-3.15244,55.8617,43.5,-nan,-nan,0
-3.15244,55.8618,43.5,-nan,-nan,0
-3.15244,55.8619,43.5,-nan,-nan,0
-3.15244,55.862,43.5,-nan,-nan,0
-3.15244,55.8621,43.5,-nan,-nan,0
-3.15244,55.8622,43.5,-nan,-nan,0
-3.15244,55.8623,43.5,-nan,-nan,0
-3.15234,55.8624,43.5,-nan,-nan,0
-3.15234,55.8617,43.5,-nan,-nan,0
-3.15234,55.8618,43.5,-nan,-nan,0
-3.15234,55.8619,43.5,-nan,-nan,0
-3.15234,55.862,43.5,-nan,-nan,0
-3.15234,55.8621,43.5,-nan,-nan,0
-3.15234,55.8622,43.5,-nan,-nan,0
-3.15234,55.8623,43.5,-nan,-nan,0
-3.15224,55.8624,43.5,-nan,-nan,0
-3.15224,55.8617,43.5,-nan,-nan,0
-3.15224,55.8618,43.5,-nan,-nan,0
-3.15224,55.8619,43.5,-nan,-nan,0
-3.15224,55.862,43.5,-nan,-nan,0
-3.15224,55.8621,43.5,-nan,-nan,0
-3.15224,55.8622,43.5,-nan,-nan,0
-3.15224,55.8623,43.5,-nan,-nan,0
-3.15214,55.8624,43.5,-nan,-nan,0
-3.15214,55.8617,43.5,-nan,-nan,0
-3.15214,55.8618,43.5,-nan,-nan,0
-3.15214,55.8619,43.5,-nan,-nan,0
-3.15214,55.862,43.5,-nan,-nan,0
-3.15214,55.8621,43.5,-nan,-nan,0
-3.15214,55.8622,43.5,-nan,-nan,0
-3.15214,55.8623,43.5,-nan,-nan,0
-3.15204,55.8624,43.5,-nan,-nan,0
-3.15204,55.8617,43.5,-nan,-nan,0
-3.15204,55.8618,43.5,-nan,-nan,0
-3.15204,55.8619,43.5,-nan,-nan,0
-3.15204,55.862,43.5,-nan,-nan,0
-3.15204,55.8621,43.5,-nan,-nan,0
-3.15204,55.8622,43.5,-nan,-nan,0
-3.15204,55.8623,43.5,-nan,-nan,0
-3.15194,55.8624,43.5,-nan,-nan,0
-3.15194,55.8617,43.5,-nan,-nan,0
-3.15194,55.8618,43.5,-nan,-nan,0
-3.15194,55.8619,43.5,-nan,-nan,0
-3.15194,55.862,43.5,-nan,-nan,0
-3.15194,55.8621,43.5,-nan,-nan,0
-3.15194,55.8622,43.5,-nan,-nan,0
-3.15194,55.8623,43.5,-nan,-nan,0
-3.15184,55.8624,43.5,-nan,-nan,0
-3.15184,55.8617,43.5,-nan,-nan,0
-3.15184,55.8618,43.5,-nan,-nan,0
-3.15184,55.8619,43.5,-nan,-nan,0
-3.15184,55.862,43.5,-nan,-nan,0
-3.15184,55.8621,43.5,-nan,-nan,0
-3.15184,55.8622,43.5,-nan,-nan,0
-3.15184,55.8623,43.5,-nan,-nan,0
-3.15174,55.8624,43.5,-nan,-nan,0
-3.15174,55.8617,43.5,0.729446,0.684038,0
-3.15174,55.8618,43.5,-nan,-nan,0
-3.15174,55.8619,43.5,-nan,-nan,0
-3.15174,55.862,43.5,-nan,-nan,0
-3.15174,55.8621,43.5,-nan,-nan,0
-3.15174,55.8622,43.5,-nan,-nan,0
-3.15174,55.8623,43.5,-nan,-nan,0
-3.15164,55.8624,43.5,-nan,-nan,0
-3.15164,55.8617,43.5,0.582974,0.812491,0
-3.15164,55.8618,43.5,0.534992,0.844857,0
-3.15164,55.8619,43.5,-nan,-nan,0
-3.15164,55.862,43.5,-nan,-nan,0
-3.15164,55.8621,43.5,-nan,-nan,0
-3.15164,55.8622,43.5,-nan,-nan,0
-3.15164,55.8623,43.5,-nan,-nan,0
-3.15154,55.8624,43.5,-nan,-nan,0
-3.15154,55.8617,43.5,-nan,-nan,0
-3.15154,55.8618,43.5,0.44114,0.897438,0
-3.15154,55.8619,43.5,-nan,-nan,0
-3.15154,55.862,43.5,-nan,-nan,0
-3.15154,55.8621,43.5,-nan,-nan,0
-3.15154,55.8622,43.5,-nan,-nan,0
-3.15154,55.8623,43.5,-nan,-nan,0
-3.15144,55.8624,46.5,-nan,-nan,0
-3.15144,55.8617,46.5,-nan,-nan,0
-3.15144,55.8618,46.5,-nan,-nan,0
-3.15144,55.8619,46.5,-nan,-nan,0
-3.15144,55.862,46.5,-nan,-nan,0
-3.15144,55.8621,46.5,-nan,-nan,0
-3.15144,55.8622,46.5,-nan,-nan,0
-3.15144,55.8623,46.5,-nan,-nan,0
-3.15334,55.8624,46.5,-nan,-nan,0
-3.15334,55.8617,46.5,-nan,-nan,0
-3.15334,55.8618,46.5,-nan,-nan,0
-3.15334,55.8619,46.5,-nan,-nan,0
-3.15334,55.862,46.5,-nan,-nan,0
-3.15334,55.8621,46.5,-nan,-nan,0
-3.15334,55.8622,46.5,-nan,-nan,0
-3.15334,55.8623,46.5,-nan,-nan,0
-3.15324,55.8624,46.5,-nan,-nan,0
-3.15324,55.8617,46.5,-nan,-nan,0
-3.15324,55.8618,46.5,-nan,-nan,0
-3.15324,55.8619,46.5,-nan,-nan,0
-3.15324,55.862,46.5,-nan,-nan,0
-3.15324,55.8621,46.5,-nan,-nan,0
-3.15324,55.8622,46.5,-nan,-nan,0
-3.15324,55.8623,46.5,-nan,-nan,0
-3.15314,55.8624,46.5,-nan,-nan,0
-3.15314,55.8617,46.5,-nan,-nan,0
-3.15314,55.8618,46.5,-nan,-nan,0
-3.15314,55.8619,46.5,-nan,-nan,0
-3.15314,55.862,46.5,-nan,-nan,0
-3.15314,55.8621,46.5,-nan,-nan,0
-3.15314,55.8622,46.5,-nan,-nan,0
-3.15314,55.8623,46.5,-nan,-nan,0
-3.15304,55.8624,46.5,-nan,-nan,0
-3.15304,55.8617,46.5,-nan,-nan,0
-3.15304,55.8618,46.5,-nan,-nan,0
-3.15304,55.8619,46.5,-nan,-nan,0
-3.15304,55.862,46.5,-nan,-nan,0
-3.15304,55.8621,46.5,-nan,-nan,0
-3.15304,55.8622,46.5,-nan,-nan,0
-3.15304,55.8623,46.5,-nan,-nan,0
-3.15294,55.8624,46.5,-nan,-nan,0
-3.15294,55.8617,46.5,-nan,-nan,0
-3.15294,55.8618,46.5,-nan,-nan,0
-3.15294,55.8619,46.5,-nan,-nan,0
-3.15294,55.862,46.5,-nan,-nan,0
-3.15294,55.8621,46.5,-nan,-nan,0
-3.15294,55.8622,46.5,-nan,-nan,0
-3.15294,55.8623,46.5,-nan,-nan,0
-3.15284,55.8624,46.5,-nan,-nan,0
-3.15284,55.8617,46.5,-nan,-nan,0
-3.15284,55.8618,46.5,-nan,-nan,0
-3.15284,55.8619,46.5,-nan,-nan,0
-3.15284,55.862,46.5,-nan,-nan,0
-3.15284,55.8621,46.5,-nan,-nan,0
-3.15284,55.8622,46.5,-nan,-nan,0
-3.15284,55.8623,46.5,-nan,-nan,0
-3.15274,55.8624,46.5,-nan,-nan,0
-3.15274,55.8617,46.5,-nan,-nan,0
-3.15274,55.8618,46.5,-nan,-nan,0
-3.15274,55.8619,46.5,-nan,-nan,0
-3.15274,55.862,46.5,-nan,-nan,0
-3.15274,55.8621,46.5,-nan,-nan,0
-3.15274,55.8622,46.5,-nan,-nan,0
-3.15274,55.8623,46.5,-nan,-nan,0
-3.15264,55.8624,46.5,-nan,-nan,0
-3.15264,55.8617,46.5,-nan,-nan,0
-3.15264,55.8618,46.5,-nan,-nan,0
-3.15264,55.8619,46.5,-nan,-nan,0
-3.15264,55.862,46.5,-nan,-nan,0
-3.15264,55.8621,46.5,-nan,-nan,0
-3.15264,55.8622,46.5,-nan,-nan,0
-3.15264,55.8623,46.5,-nan,-nan,0
-3.15254,55.8624,46.5,-nan,-nan,0
-3.15254,55.8617,46.5,-nan,-nan,0
-3.15254,55.8618,46.5,-nan,-nan,0
-3.15254,55.8619,46.5,-nan,-nan,0
-3.15254,55.862,46.5,-nan,-nan,0
-3.15254,55.8621,46.5,-nan,-nan,0
-3.15254,55.8622,46.5,-nan,-nan,0
-3.15254,55.8623,46.5,-nan,-nan,0
-3.15244,55.8624,46.5,-nan,-nan,0
-3.15244,55.8617,46.5,-nan,-nan,0
-3.15244,55.8618,46.5,-nan,-nan,0
-3.15244,55.8619,46.5,-nan,-nan,0
-3.15244,55.862,46.5,-nan,-nan,0
-3.15244,55.8621,46.5,-nan,-nan,0
-3.15244,55.8622,46.5,-nan,-nan,0
-3.15244,55.8623,46.5,-nan,-nan,0
-3.15234,55.8624,46.5,-nan,-nan,0
-3.15234,55.8617,46.5,-nan,-nan,0
-3.15234,55.8618,46.5,-nan,-nan,0
-3.15234,55.8619,46.5,-nan,-nan,0
-3.15234,55.862,46.5,-nan,-nan,0
-3.15234,55.8621,46.5,-nan,-nan,0
-3.15234,55.8622,46.5,-nan,-nan,0
-3.15234,55.8623,46.5,-nan,-nan,0
-3.15224,55.8624,46.5,-nan,-nan,0
-3.15224,55.8617,46.5,-nan,-nan,0
-3.15224,55.8618,46.5,-nan,-nan,0
-3.15224,55.8619,46.5,-nan,-nan,0
-3.15224,55.862,46.5,-nan,-nan,0
-3.15224,55.8621,46.5,-nan,-nan,0
-3.15224,55.8622,46.5,-nan,-nan,0
-3.15224,55.8623,46.5,-nan,-nan,0
-3.15214,55.8624,46.5,-nan,-nan,0
-3.15214,55.8617,46.5,-nan,-nan,0
-3.15214,55.8618,46.5,-nan,-nan,0
-3.15214,55.8619,46.5,-nan,-nan,0
-3.15214,55.862,46.5,-nan,-nan,0
-3.15214,55.8621,46.5,-nan,-nan,0
-3.15214,55.8622,46.5,-nan,-nan,0
-3.15214,55.8623,46.5,-nan,-nan,0
-3.15204,55.8624,46.5,-nan,-nan,0
-3.15204,55.8617,46.5,-nan,-nan,0
-3.15204,55.8618,46.5,-nan,-nan,0
-3.15204,55.8619,46.5,-nan,-nan,0
-3.15204,55.862,46.5,-nan,-nan,0
-3.15204,55.8621,46.5,-nan,-nan,0
-3.15204,55.8622,46.5,-nan,-nan,0
-3.15204,55.8623,46.5,-nan,-nan,0
-3.15194,55.8624,46.5,-nan,-nan,0
-3.15194,55.8617,46.5,-nan,-nan,0
-3.15194,55.8618,46.5,-nan,-nan,0
-3.15194,55.8619,46.5,-nan,-nan,0
-3.15194,55.862,46.5,-nan,-nan,0
-3.15194,55.8621,46.5,-nan,-nan,0
-3.15194,55.8622,46.5,-nan,-nan,0
-3.15194,55.8623,46.5,-nan,-nan,0
-3.15184,55.8624,46.5,-nan,-nan,0
-3.15184,55.8617,46.5,-nan,-nan,0
-3.15184,55.8618,46.5,-nan,-nan,0
-3.15184,55.8619,46.5,-nan,-nan,0
-3.15184,55.862,46.5,-nan,-nan,0
-3.15184,55.8621,46.5,-nan,-nan,0
-3.15184,55.8622,46.5,-nan,-nan,0
-3.15184,55.8623,46.5,-nan,-nan,0
-3.15174,55.8624,46.5,-nan,-nan,0
-3.15174,55.8617,46.5,0.737277,0.67559,0
-3.15174,55.8618,46.5,-nan,-nan,0
-3.15174,55.8619,46.5,-nan,-nan,0
-3.15174,55.862,46.5,-nan,-nan,0
-3.15174,55.8621,46.5,-nan,-nan,0
-3.15174,55.8622,46.5,-nan,-nan,0
-3.15174,55.8623,46.5,-nan,-nan,0
-3.15164,55.8624,46.5,-nan,-nan,0
-3.15164,55.8617,46.5,0.542588,0.839999,0
-3.15164,55.8618,46.5,-nan,-nan,0
-3.15164,55.8619,46.5,-nan,-nan,0
-3.15164,55.862,46.5,-nan,-nan,0
-3.15164,55.8621,46.5,-nan,-nan,0
-3.15164,55.8622,46.5,-nan,-nan,0
-3.15164,55.8623,46.5,-nan,-nan,0
-3.15154,55.8624,46.5,-nan,-nan,0
-3.15154,55.8617,46.5,-nan,-nan,0
-3.15154,55.8618,46.5,-nan,-nan,0
-3.15154,55.8619,46.5,-nan,-nan,0
-3.15154,55.862,46.5,-nan,-nan,0
-3.15154,55.8621,46.5,-nan,-nan,0
-3.15154,55.8622,46.5,-nan,-nan,0
-3.15154,55.8623,46.5,-nan,-nan,0
-3.15144,55.8624,49.5,-nan,-nan,0
-3.15144,55.8617,49.5,-nan,-nan,0
-3.15144,55.8618,49.5,-nan,-nan,0
-3.15144,55.8619,49.5,-nan,-nan,0
-3.15144,55.862,49.5,-nan,-nan,0
-3.15144,55.8621,49.5,-nan,-nan,0
-3.15144,55.8622,49.5,-nan,-nan,0
-3.15144,55.8623,49.5,-nan,-nan,0
-3.15334,55.8624,49.5,-nan,-nan,0
-3.15334,55.8617,49.5,-nan,-nan,0
-3.15334,55.8618,49.5,-nan,-nan,0
-3.15334,55.8619,49.5,-nan,-nan,0
-3.15334,55.862,49.5,-nan,-nan,0
-3.15334,55.8621,49.5,-nan,-nan,0
-3.15334,55.8622,49.5,-nan,-nan,0
-3.15334,55.8623,49.5,-nan,-nan,0
-3.15324,55.8624,49.5,-nan,-nan,0
-3.15324,55.8617,49.5,-nan,-nan,0
-3.15324,55.8618,49.5,-nan,-nan,0
-3.15324,55.8619,49.5,-nan,-nan,0
-3.15324,55.862,49.5,-nan,-nan,0
-3.15324,55.8621,49.5,-nan,-nan,0
-3.15324,55.8622,49.5,-nan,-nan,0
-3.15324,55.8623,49.5,-nan,-nan,0
-3.15314,55.8624,49.5,-nan,-nan,0
-3.15314,55.8617,49.5,-nan,-nan,0
-3.15314,55.8618,49.5,-nan,-nan,0
-3.15314,55.8619,49.5,-nan,-nan,0
-3.15314,55.862,49.5,-nan,-nan,0
-3.15314,55.8621,49.5,-nan,-nan,0
-3.15314,55.8622,49.5,-nan,-nan,0
-3.15314,55.8623,49.5,-nan,-nan,0
-3.15304,55.8624,49.5,-nan,-nan,0
-3.15304,55.8617,49.5,-nan,-nan,0
-3.15304,55.8618,49.5,-nan,-nan,0
-3.15304,55.8619,49.5,-nan,-nan,0
-3.15304,55.862,49.5,-nan,-nan,0
-3.15304,55.8621,49.5,-nan,-nan,0
-3.15304,55.8622,49.5,-nan,-nan,0
-3.15304,55.8623,49.5,-nan,-nan,0
-3.15294,55.8624,49.5,-nan,-nan,0
-3.15294,55.8617,49.5,-nan,-nan,0
-3.15294,55.8618,49.5,-nan,-nan,0
-3.15294,55.8619,49.5,-nan,-nan,0
-3.15294,55.862,49.5,-nan,-nan,0
-3.15294,55.8621,49.5,-nan,-nan,0
-3.15294,55.8622,49.5,-nan,-nan,0
-3.15294,55.8623,49.5,-nan,-nan,0
-3.15284,55.8624,49.5,-nan,-nan,0
-3.15284,55.8617,49.5,-nan,-nan,0
-3.15284,55.8618,49.5,-nan,-nan,0
-3.15284,55.8619,49.5,-nan,-nan,0
-3.15284,55.862,49.5,-nan,-nan,0
-3.15284,55.8621,49.5,-nan,-nan,0
-3.15284,55.8622,49.5,-nan,-nan,0
-3.15284,55.8623,49.5,-nan,-nan,0
-3.15274,55.8624,49.5,-nan,-nan,0
-3.15274,55.8617,49.5,-nan,-nan,0
-3.15274,55.8618,49.5,-nan,-nan,0
-3.15274,55.8619,49.5,-nan,-nan,0
-3.15274,55.862,49.5,-nan,-nan,0
-3.15274,55.8621,49.5,-nan,-nan,0
-3.15274,55.8622,49.5,-nan,-nan,0
-3.15274,55.8623,49.5,-nan,-nan,0
-3.15264,55.8624,49.5,-nan,-nan,0
-3.15264,55.8617,49.5,-nan,-nan,0
-3.15264,55.8618,49.5,-nan,-nan,0
-3.15264,55.8619,49.5,-nan,-nan,0
-3.15264,55.862,49.5,-nan,-nan,0
-3.15264,55.8621,49.5,-nan,-nan,0
-3.15264,55.8622,49.5,-nan,-nan,0
-3.15264,55.8623,49.5,-nan,-nan,0
-3.15254,55.8624,49.5,-nan,-nan,0
-3.15254,55.8617,49.5,-nan,-nan,0
-3.15254,55.8618,49.5,-nan,-nan,0
-3.15254,55.8619,49.5,-nan,-nan,0
-3.15254,55.862,49.5,-nan,-nan,0
-3.15254,55.8621,49.5,-nan,-nan,0
-3.15254,55.8622,49.5,-nan,-nan,0
-3.15254,55.8623,49.5,-nan,-nan,0
-3.15244,55.8624,49.5,-nan,-nan,0
-3.15244,55.8617,49.5,-nan,-nan,0
-3.15244,55.8618,49.5,-nan,-nan,0
-3.15244,55.8619,49.5,-nan,-nan,0
-3.15244,55.862,49.5,-nan,-nan,0
-3.15244,55.8621,49.5,-nan,-nan,0
-3.15244,55.8622,49.5,-nan,-nan,0
-3.15244,55.8623,49.5,-nan,-nan,0
-3.15234,55.8624,49.5,-nan,-nan,0
-3.15234,55.8617,49.5,-nan,-nan,0
-3.15234,55.8618,49.5,-nan,-nan,0
-3.15234,55.8619,49.5,-nan,-nan,0
-3.15234,55.862,49.5,-nan,-nan,0
-3.15234,55.8621,49.5,-nan,-nan,0
-3.15234,55.8622,49.5,-nan,-nan,0
-3.15234,55.8623,49.5,-nan,-nan,0
-3.15224,55.8624,49.5,-nan,-nan,0
-3.15224,55.8617,49.5,-nan,-nan,0
-3.15224,55.8618,49.5,-nan,-nan,0
-3.15224,55.8619,49.5,-nan,-nan,0
-3.15224,55.862,49.5,-nan,-nan,0
-3.15224,55.8621,49.5,-nan,-nan,0
-3.15224,55.8622,49.5,-nan,-nan,0
-3.15224,55.8623,49.5,-nan,-nan,0
-3.15214,55.8624,49.5,-nan,-nan,0
-3.15214,55.8617,49.5,-nan,-nan,0
-3.15214,55.8618,49.5,-nan,-nan,0
-3.15214,55.8619,49.5,-nan,-nan,0
-3.15214,55.862,49.5,-nan,-nan,0
-3.15214,55.8621,49.5,-nan,-nan,0
-3.15214,55.8622,49.5,-nan,-nan,0
-3.15214,55.8623,49.5,-nan,-nan,0
-3.15204,55.8624,49.5,-nan,-nan,0
-3.15204,55.8617,49.5,-nan,-nan,0
-3.15204,55.8618,49.5,-nan,-nan,0
-3.15204,55.8619,49.5,-nan,-nan,0
-3.15204,55.862,49.5,-nan,-nan,0
-3.15204,55.8621,49.5,-nan,-nan,0
-3.15204,55.8622,49.5,-nan,-nan,0
-3.15204,55.8623,49.5,-nan,-nan,0
-3.15194,55.8624,49.5,-nan,-nan,0
-3.15194,55.8617,49.5,-nan,-nan,0
-3.15194,55.8618,49.5,-nan,-nan,0
-3.15194,55.8619,49.5,-nan,-nan,0
-3.15194,55.862,49.5,-nan,-nan,0
-3.15194,55.8621,49.5,-nan,-nan,0
-3.15194,55.8622,49.5,-nan,-nan,0
-3.15194,55.8623,49.5,-nan,-nan,0
-3.15184,55.8624,49.5,-nan,-nan,0
-3.15184,55.8617,49.5,-nan,-nan,0
-3.15184,55.8618,49.5,-nan,-nan,0
-3.15184,55.8619,49.5,-nan,-nan,0
-3.15184,55.862,49.5,-nan,-nan,0
-3.15184,55.8621,49.5,-nan,-nan,0
-3.15184,55.8622,49.5,-nan,-nan,0
-3.15184,55.8623,49.5,-nan,-nan,0
-3.15174,55.8624,49.5,-nan,-nan,0
-3.15174,55.8617,49.5,0.628597,0.777731,0
-3.15174,55.8618,49.5,-nan,-nan,0
-3.15174,55.8619,49.5,-nan,-nan,0
-3.15174,55.862,49.5,-nan,-nan,0
-3.15174,55.8621,49.5,-nan,-nan,0
-3.15174,55.8622,49.5,-nan,-nan,0
-3.15174,55.8623,49.5,-nan,-nan,0
-3.15164,55.8624,49.5,-nan,-nan,0
-3.15164,55.8617,49.5,-nan,-nan,0
-3.15164,55.8618,49.5,-nan,-nan,0
-3.15164,55.8619,49.5,-nan,-nan,0
-3.15164,55.862,49.5,-nan,-nan,0
-3.15164,55.8621,49.5,-nan,-nan,0
-3.15164,55.8622,49.5,-nan,-nan,0
-3.15164,55.8623,49.5,-nan,-nan,0
-3.15154,55.8624,49.5,-nan,-nan,0
-3.15154,55.8617,49.5,-nan,-nan,0
-3.15154,55.8618,49.5,-nan,-nan,0
-3.15154,55.8619,49.5,-nan,-nan,0
-3.15154,55.862,49.5,-nan,-nan,0
-3.15154,55.8621,49.5,-nan,-nan,0
-3.15154,55.8622,49.5,-nan,-nan,0
-3.15154,55.8623,49.5,-nan,-nan,0
